"dset","h","iTest","fmethod","mseBase","mseBottomUp","mseMinT","mseBayesFull","mseBayesFullMeanS","mseBayesFullMedianS","mseBayesFullPosMeanS","mseBayesFullPosMedianS","mseBayes","mseBayesMeanS","mseBayesMedianS","mseBayesPosMeanS","mseBayesPosMedianS","esBayesFull","esBayesFullPos","esBayes","esBayesPos"
"infantgts",1,1,"ets",465.602252187534,386.74561894144,420.892145319186,420.895657373741,423.003120849086,421.581566818151,637.773774334153,603.853007573583,410.955034541973,414.346665742955,415.17084788921,488.522648891356,476.180871485279,101.492426485374,106.908085275054,85.8343189721944,88.1872836298953
"infantgts",1,2,"ets",410.081281199342,349.961914034958,NA,359.475382127334,360.857918637478,359.397244730253,549.20462760538,525.213491541665,370.211111019244,368.260983538437,368.886286832593,427.302855088643,420.525086629301,100.239682999785,103.405695770321,84.4455050648114,85.6317258644822
"infantgts",1,3,"ets",155.204249584365,127.548364101273,NA,145.511227192735,144.145409101954,144.759272659219,108.103806674737,107.922472891664,139.578273997341,139.866706624933,139.189589400513,110.103310564244,114.348524201979,91.8508765149284,88.0750781690317,72.5368096655142,70.3330171731157
"infantgts",1,4,"ets",1175.64094318681,669.534666747305,NA,793.013180459485,798.199062134487,796.257291358384,1136.81665321911,1088.28807265702,896.643892881114,896.143930033581,895.194883960495,1003.0555728782,987.54749475553,113.394485636858,122.277466780897,105.123322022923,108.808986888706
"infantgts",1,5,"ets",2182.02834916914,1827.45255375068,NA,2137.93511164583,2123.99332362773,2129.55619522638,1656.7056910937,1717.75298829138,2005.06307709406,2003.11072856174,2001.83383236998,1839.9818099271,1865.12872106331,156.254525960765,142.628787560713,150.231689298325,144.989513910859
"infantgts",1,6,"ets",849.612110888454,1170.22662753115,NA,869.938899752757,878.591127555442,875.171477114777,1157.99308486333,1114.08058468465,1005.83614345314,1004.49676416326,1002.79821691343,1092.13995190322,1079.77834933331,115.359917702363,122.249072889999,107.833721119771,111.023090249997
"infantgts",1,7,"ets",1235.13332004936,1143.74159314858,NA,1121.29538346676,1128.87348366043,1129.83952181888,1331.99982030225,1298.78982479725,1226.45610807943,1226.85376055506,1226.5001926631,1274.39898252108,1267.98471256178,125.571638927134,130.767043781134,119.664051674352,121.1859987055
"infantgts",1,8,"ets",206.046861261885,180.302351168742,NA,220.759087124882,219.914024882352,219.763412723653,199.279453729497,199.476879860877,193.438792638317,193.675937768013,193.342362164297,195.858809614157,196.232225533935,97.7953253679054,96.069563942903,78.0129800078061,77.8021985907037
"infantgts",1,9,"ets",570.558284609215,936.207007742931,NA,436.875773350374,441.629378045579,439.450589811546,567.29394047053,550.281368018783,729.206894259739,729.087025206536,730.282562837613,769.3332929043,763.646932008074,104.490490089348,106.664666807226,98.8350307561397,100.0344425083
"infantgts",1,10,"ets",653.698786749923,1497.8111527871,NA,801.568092468114,802.245695309473,799.33873464512,919.778267278949,898.354044753309,1063.2987476681,1065.55265943327,1063.49573369887,1089.98087399397,1086.01645847301,115.699126229568,118.516646190313,113.086785242307,113.83925729853
"infantgts",1,11,"ets",4717.20245714216,5288.77456082113,NA,4805.16209905348,4817.33082507068,4811.35109065953,4989.63623396335,4958.58827536827,4983.87760834008,5002.33560283432,5002.4862654638,5023.5734375287,5022.22682117217,227.26244954389,231.747307997031,246.257359602234,246.945061648925
"infantgts",1,12,"ets",596.085656173221,829.255476521805,NA,614.71743952844,613.730994220634,613.132497037245,634.072125100244,629.815394120384,669.568141374889,672.551611052526,674.269904084112,673.962108326619,672.834160311065,116.864895676689,116.673061423309,104.527415009023,104.309806018907
"infantgts",1,13,"ets",6143.27344325453,5034.66604326399,NA,5946.42569501144,5970.7529313064,5973.22254680248,6092.54559857148,6079.4632364449,5529.45024824295,5533.3754666257,5530.31356681689,5564.45422123843,5564.07460524292,255.89322521551,259.409702526596,261.937592987824,262.766527441862
"infantgts",1,14,"ets",1579.86961978095,1488.84287292576,NA,1600.29516510948,1593.46470492487,1592.34657640557,1522.13209409055,1530.97786145019,1548.74816286059,1540.46897574084,1540.70320442438,1532.85702730608,1534.57096219211,142.881485119799,140.785690358539,134.422944417657,134.353424702385
"infantgts",1,15,"ets",1407.46163566122,1263.83380990681,NA,1348.08280633757,1354.73779506585,1352.93551601113,1376.89618757458,1374.9155530658,1319.09055568591,1317.05181348076,1316.16244808407,1327.60452864802,1327.66102260805,134.35449293564,135.056497996269,124.45918996914,124.622717620938
"infantgts",1,16,"ets",213.632410282858,199.322456566323,NA,212.70312875122,211.556430614325,212.607462553969,207.088546352289,207.615570222378,206.384398060406,206.910926566444,207.75879783957,205.368450829103,204.602982925395,99.9497439783755,99.2207878793635,80.3511855904019,80.3268453245081
"infantgts",1,17,"ets",352.695258885817,716.070073069018,NA,440.699164486325,444.778810167314,441.550337828893,473.892415920422,471.039510619934,500.091986389018,502.612632926316,500.149357417712,509.5049107936,510.344476951679,107.081652776957,107.875219414518,91.2322236342489,91.4169463020029
"infantgts",1,18,"ets",6157.44046637238,3865.60350375154,NA,5560.74267904277,5574.20020062509,5571.1097055794,5710.22768292643,5696.59094689861,4736.14619955478,4743.99921700039,4735.89742232307,4772.40877842413,4773.08693780313,245.671449465848,249.278622946832,236.961332713478,237.619842035522
"infantgts",1,19,"ets",5947.24557712985,4957.85146195436,NA,5473.20201783912,5457.66406678798,5462.18476651499,5302.06683215385,5317.45519254301,5393.20665872717,5380.50050458576,5381.7561051771,5345.13138569,5343.00557001412,242.452702025326,238.934698096878,255.504815060869,254.777495438884
"infantgts",1,20,"ets",2844.48410565134,3503.58029708364,NA,2931.5602530354,2947.63501622647,2942.71483900568,2995.41095163614,2989.50585529028,3125.13342505546,3119.8597192254,3116.61997579346,3144.83385889838,3148.7279266574,184.108599243206,185.547366036908,191.668353887953,192.441011778145
"infantgts",1,21,"ets",1769.9914686028,1721.30491685513,NA,1744.22343045135,1750.06005638954,1746.86293507842,1776.0186937013,1775.27935781873,1746.30207253891,1751.75651359046,1748.58458417478,1755.92103726263,1755.19106127886,149.740706327032,150.548506818251,143.537693281103,143.700757315368
"infantgts",1,22,"ets",1425.70011858275,982.158041254169,NA,1363.68490878553,1355.08019958416,1361.36013803852,1339.96726385801,1341.05453868382,1200.94094760462,1198.06424358475,1199.30281253204,1193.61708901289,1193.50618939655,139.741011872633,138.708370746911,123.944351387832,124.071833637836
"infantgts",1,23,"ets",831.773736142041,1432.92504743087,NA,1036.31558892582,1042.61258878603,1039.95865910103,1108.02999210414,1102.31126385635,1105.4190589803,1110.74157347489,1111.07627160643,1124.43584150732,1124.86910735428,129.845120966086,130.91201309047,119.722889272822,120.127399540958
"infantgts",1,24,"ets",1247.32457654892,2567.66091660136,NA,1626.04633459609,1634.22002291956,1634.76815288107,1646.74584261826,1645.75435863615,1861.96417580008,1852.11779195577,1851.92535859697,1871.75245387759,1873.35202323945,142.375589931215,142.807625682377,141.734156825393,142.286149635451
"infantgts",1,25,"ets",3569.26491705519,5969.46100281666,NA,4265.11054434156,4273.79149832922,4268.65361711961,4289.78777294261,4292.01005653136,4710.52617457633,4703.60769845869,4706.77967478528,4727.08092278034,4730.41149356533,222.497813794364,223.011815502629,242.506824678393,243.378825905233
"infantgts",1,26,"ets",1405.54128942141,3971.36358823485,NA,2013.17939388797,2026.86634550347,2027.50819383751,2008.19365508398,2011.21922192164,2584.04527952086,2579.28327744968,2580.3770787307,2591.13553763627,2594.03881527144,164.407919977612,163.60779260214,177.473802536922,177.733512467499
"infantgts",1,27,"ets",10306.1464420761,17959.5283255056,NA,11745.3216285733,11771.3785438755,11761.7361466404,11788.1328985082,11789.4246959097,13884.4107387656,13871.4559472139,13866.7022022349,13912.8696325942,13926.9985926443,391.210296504393,391.321069798105,466.221039103535,467.160585595847
"infantgts",1,28,"ets",5578.75808196104,15701.8590003267,NA,8445.28363071388,8461.9419631399,8458.31706058466,8447.72863419161,8455.30462743111,10102.0932296299,10093.8152710643,10075.8739676895,10120.5532682884,10130.095547366,319.035650726744,318.716399367649,382.019871167929,382.76817623461
"infantgts",1,29,"ets",29890.225498458,43582.0007521613,NA,36010.0992170647,36075.7078443677,36076.4633710421,35996.1218464765,36018.0307460611,37137.1432922377,37120.1743885409,37106.0025423813,37172.5864013874,37191.4395386286,794.20035745519,793.082646518733,852.204087934791,852.951691285043
"infantgts",1,30,"ets",3165.45419661816,7487.85728688465,NA,4726.63679367304,4734.42180967137,4729.00053398832,4723.21266496983,4727.47052375942,5301.38408496155,5293.89396084863,5287.52945968167,5313.50296818638,5321.94886738268,236.27067437792,235.886974288366,264.024736102173,264.651356507615
"infantgts",1,31,"ets",12527.0061648167,14882.2108943473,NA,13784.9066146249,13800.1678459627,13793.8350940501,13776.5006263759,13789.4704287424,14093.1015944239,14079.5482493076,14075.4595604566,14114.3519314818,14122.4748184225,438.383392520268,437.605865158485,477.943602236704,478.749449797464
"infantgts",1,32,"ets",7344.24079591696,4094.97728878141,NA,5102.70978877251,5111.60925449063,5117.88860770926,5096.66224120222,5101.43202436942,5192.27871339399,5187.06551387374,5187.21618758496,5203.2037465355,5206.42203793342,249.387582774172,248.91800865908,264.770994630975,265.249131447318
"infantgts",1,33,"ets",4343.71579090424,6634.30097722062,NA,4537.18016974791,4524.66461220947,4530.18866538661,4543.13714250152,4542.87662449175,5394.64636039547,5399.82558152226,5404.86260083552,5384.27948318386,5380.55496155389,240.644897838979,240.955082572801,275.454916939379,275.278997949283
"infantgts",1,34,"ets",3874.91663324784,6378.27750721548,NA,5001.14639723996,4986.11048604115,4996.68280928167,5001.48236291351,4997.17336361216,5342.77461966325,5353.99230342458,5352.90158822747,5331.6129851022,5329.18026553527,249.445678374769,249.331177895879,271.390828058446,270.871101715611
"infantgts",1,35,"ets",4283.05496709501,5483.19406962491,NA,5072.90523860767,5054.81070328219,5067.30213261231,5076.93633824764,5071.08820360459,5149.61284889982,5158.27868847576,5161.83825949166,5137.63843021173,5133.54251508187,241.647011563458,241.826464686278,258.651165289348,258.275216280517
"infantgts",1,36,"ets",1940.74977083453,1745.25257939916,NA,1872.73254167422,1865.79056960568,1868.20557531906,1866.82562158129,1866.36954615035,1892.59857242689,1895.08300477768,1896.39321311024,1888.9156793622,1887.4737460935,163.993926920643,164.174953826341,161.456750681873,161.234184631965
"infantgts",1,37,"ets",2411.28827345293,1636.16736953445,NA,1467.4133461458,1466.10233535802,1464.94259765869,1469.14517086841,1467.0520344817,1409.62787698018,1409.3532372963,1408.8404750059,1409.70617620517,1411.57251099787,154.653816792291,154.911702289937,144.708873058641,144.860956064911
"infantgts",1,38,"ets",2121.2496744947,7436.82313158388,4662.04330578778,4662.06490845416,4680.76906476812,4679.46043098154,4657.91978124802,4662.8019277561,4932.95564359953,4924.24259828917,4921.47521609753,4945.50490535595,4949.89509384822,231.368443981507,231.014733366489,251.397330459856,251.830368913542
"infantgts",1,39,"ets",11479.7972929695,15030.1091265952,NA,13774.5355901906,13810.9753965537,13793.7661123655,13767.5379124252,13770.9543448741,13536.7356911401,13521.6856526001,13526.5722177112,13558.3276032099,13565.1843300335,442.261625197817,441.380163073309,468.847295169782,469.784480785956
"infantgts",1,40,"ets",7429.073595657,8726.69736270742,NA,7029.48976072469,7050.75648867944,7046.08877170112,7023.63661527107,7032.38536016517,7877.47783315423,7867.58934056922,7864.30037683287,7894.01427051156,7895.2856023172,288.520698216644,287.690326019258,332.623828842464,333.320107151545
"infantgts",1,41,"ets",2673.1989170248,2163.48919378584,NA,2285.75692211079,2295.1826030352,2288.50602401351,2286.03835887397,2291.21267257196,2304.52995546443,2296.09877575024,2297.34224043762,2312.93352822936,2315.48286604815,166.974622215281,167.269910626499,166.966746774056,167.529613713352
"infantgts",1,42,"ets",1816.45069863426,1579.33474727266,NA,1900.74502958825,1889.21960039056,1889.74702866295,1899.7652509689,1895.05188044304,1737.51582538402,1742.63691522554,1743.17712969527,1730.92802605953,1730.34982132126,147.768540778083,148.617965285762,140.353169504586,140.237443047959
"infantgts",1,43,"ets",391.872874033683,348.557131158572,NA,357.803119731473,359.414011911285,359.582183987893,357.409772286477,357.336640765974,358.781323155674,360.146535552641,360.066163374918,358.17383355102,357.755726203844,102.916807456118,103.294251828116,88.3549145857713,88.1809618246983
"infantgts",1,44,"ets",3141.17659266812,3127.21402007545,NA,3538.24214965773,3544.90642402887,3542.25624412262,3537.14840514279,3540.03714277247,3163.59107948816,3176.64265747063,3174.03402888645,3174.27927102122,3175.43717381797,197.318502343022,197.399624305832,191.953020404711,191.80754748496
"infantgts",1,45,"ets",6959.7120052231,4054.71253047093,NA,4707.67390799554,4700.30246273693,4703.01596736918,4705.45484325046,4700.43861709212,4889.14770149999,4889.93076449854,4894.02472727245,4875.96851220877,4875.01578130672,232.488575416272,232.487941150211,249.724487802747,249.123988365078
"infantgts",1,46,"ets",2748.24530231125,3301.82477922912,NA,3083.919326764,3091.01370277032,3085.50075703447,3101.31723239005,3107.05322847614,3050.73700752992,3054.25785335412,3055.68176266906,3063.30480896086,3065.8258721651,188.016556567493,188.557178940485,190.910901264361,191.134795459159
"infantgts",1,47,"ets",1808.07552400347,1127.90158781994,NA,1364.06883876932,1360.97276040482,1355.57412534913,1351.05797144838,1347.78791309862,1349.36957150952,1346.43613834982,1346.28187041436,1341.46959303284,1341.68677842271,138.320780936891,137.960932744221,130.920091667096,130.907943638525
"infantgts",1,48,"ets",2717.4099592097,2933.62192136176,NA,2144.6171916028,2152.29349151912,2151.30223205963,2202.20684372553,2202.54998160567,2343.1089855757,2350.51081233758,2354.92240419919,2367.47954370457,2370.53117714941,174.090018108296,175.989368941542,178.942529857278,179.525996008368
"infantgts",1,49,"ets",1287.02699075963,3125.86272982233,NA,1531.04707129097,1539.23395073846,1534.80310680434,1679.46205489582,1675.60471873929,1908.62828518699,1911.53528038912,1906.98715824629,1991.06484014662,1992.1445253121,143.593981915591,147.831604377124,151.107982553257,154.089479727427
"infantgts",2,1,"ets",1102.11573434279,916.307827435905,NA,964.197937155538,967.905763978026,964.551987230076,1423.6909350932,1366.96141076141,983.562700308126,986.937394890886,990.684273987213,1151.50836245088,1129.07442000656,120.492098570648,132.824245931292,111.499681831862,117.150078285802
"infantgts",2,2,"ets",268.314653813089,271.461216329424,268.239302234797,268.242237943094,270.133945802909,268.370520167327,381.572988714543,363.158104932708,269.051306896339,270.355668124748,268.860351911189,301.450325874964,297.25497549465,97.3008843739063,97.2076508387788,79.9551002075983,79.4361046526568
"infantgts",2,3,"ets",787.01562727992,403.507965855282,NA,495.510827995198,499.527379370589,498.211880434988,776.378998240933,738.142214597969,561.825780265107,566.306042853452,564.642022115425,656.566109039851,643.431186407846,103.571939074225,110.02152959809,90.9171404229558,93.9032774112918
"infantgts",2,4,"ets",342.865954770631,291.983534828048,NA,340.882828139396,338.639011596642,340.428892644557,295.130438901307,295.225747624299,318.212506122795,316.880696764857,316.643799329917,296.669226244017,298.750296522391,100.971659049217,97.9599128973483,83.1868696994195,81.9766419603698
"infantgts",2,5,"ets",560.67453510372,416.54079482805,NA,541.302781180569,536.833003041972,538.734190135923,397.002497103641,411.12501846045,477.015782809912,474.565831108522,475.090006662752,428.144158367152,434.999068861484,107.722037975564,102.124438788961,89.795164645103,87.8587239287892
"infantgts",2,6,"ets",3483.02814060926,3266.5729815569,NA,3266.68024394795,3280.69760646289,3281.61358420905,3680.02684473599,3615.80737352724,3440.31752548964,3440.11095963113,3450.28504379616,3542.08336862319,3528.99607975432,188.036196735348,198.196686804704,198.990107357665,201.981526021487
"infantgts",2,7,"ets",1069.10625608776,1113.45245401763,NA,784.347831163621,791.145207748047,791.200195868251,980.850632856648,950.702382303884,1091.60762607006,1094.66191406305,1098.67740873069,1143.05223414411,1136.87060105556,113.42920655727,117.937848891593,112.087877726949,113.44520925466
"infantgts",2,8,"ets",469.457233467556,769.004223104146,NA,329.755198924034,333.082358802918,330.33023866678,459.785059975207,440.105920338855,603.660902889498,602.940353783319,604.830181265726,645.820967789366,639.819528245225,99.8088552366077,102.348193601955,93.0754496836732,94.0803947962833
"infantgts",2,9,"ets",1835.74567571928,3066.1590372213,NA,2064.17166326871,2066.95442201244,2062.76372993792,2282.76857053541,2246.78880702133,2435.09914854299,2443.67383030005,2450.46209626471,2487.91830440665,2480.11958225717,153.251497612266,158.590455189273,163.801565867912,164.864288438751
"infantgts",2,10,"ets",7584.12785969928,8184.82256429529,NA,7672.65407090989,7688.2552421657,7681.14690700625,7935.67519111201,7891.99325769168,7853.34301978039,7876.15267657899,7873.56434579094,7915.50494208425,7908.94814020733,298.586909810796,304.419292837377,327.855103439161,329.287741301967
"infantgts",2,11,"ets",4881.17675038998,6647.07297936957,NA,5343.89620361903,5351.65199587265,5352.81067826774,5566.25499926853,5532.63398540201,5784.72494032802,5807.48014353035,5807.66153419666,5829.20820148862,5827.01559179322,239.730823954569,245.23112513482,269.33141415,269.977601544878
"infantgts",2,12,"ets",6594.39877843625,5314.1870467099,NA,6348.75111306453,6373.67751112547,6377.02959659848,6511.90333280747,6491.59678984573,5894.93504840587,5906.88842958795,5907.59401659521,5931.18320369337,5929.67887975474,272.011187852786,275.299121867835,277.945377660514,278.440965671624
"infantgts",2,13,"ets",2329.5948056568,2278.17761095208,NA,2237.80494443793,2245.86227801293,2243.95958378115,2346.36797140218,2335.19382514118,2277.49440604634,2285.89467564504,2282.69880057453,2300.37419163657,2301.48541260455,160.066641073074,161.947331511781,159.065165979735,159.366272092964
"infantgts",2,14,"ets",242.751709151234,260.970668942841,244.835756575348,244.836242400425,244.693228044858,243.181946474572,242.215164095447,243.543881673694,252.507419955019,251.839066745735,250.424480406694,251.23278707546,252.039067301474,101.204838802739,100.463196102548,82.4423010448164,82.5550584302852
"infantgts",2,15,"ets",1324.45649844037,1328.35734922024,NA,1252.48443386602,1257.65269021177,1255.32112084509,1302.40873990519,1297.25209621001,1298.26380966976,1298.70564418332,1296.08627716493,1309.21805744686,1308.64735454859,133.979422338454,135.232632054915,125.701172911185,126.040440699555
"infantgts",2,16,"ets",239.485766592845,487.420584381905,NA,286.947864313314,289.306590775746,287.459370624429,314.431854126054,311.718165340131,335.251833747439,338.139557010482,336.884861211711,342.593343357876,342.276614188088,102.047725759682,102.358699012177,85.0174857864563,84.9458053398516
"infantgts",2,17,"ets",7798.82300746499,5068.83119500904,NA,7097.65692494475,7113.77616511879,7110.08129235507,7266.16914717258,7251.49177750186,6145.73197597697,6154.44769900946,6145.01567107711,6186.57547943986,6187.66174939606,282.838199018558,286.644598264698,278.122292884875,279.017091439921
"infantgts",2,18,"ets",188.215270270419,289.436433721328,NA,231.123727801182,231.830292013393,232.221370671273,252.156027718735,249.423510729723,239.790596671167,241.331586970489,241.62464097557,245.641949124584,245.069517909392,100.836360533406,101.740978553854,82.249923106975,82.4055977774054
"infantgts",2,19,"ets",1311.58013584326,932.859646553261,NA,1212.66180278045,1203.12566099524,1206.47521745471,1171.3302389672,1174.7167822342,1123.61761794563,1125.94696195866,1126.26327262496,1113.86625797438,1113.2740985473,131.53502007155,130.370903786148,117.896876502808,117.658081627154
"infantgts",2,20,"ets",6873.85931832544,6685.03348049444,NA,6817.6813822565,6834.22822550197,6824.48703231711,6889.8166308209,6885.10794039508,6756.84580367353,6768.10326599301,6763.71704642323,6780.9187560337,6783.46718233314,277.146501468227,278.31580993218,295.402217727328,295.725295010196
"infantgts",2,21,"ets",382.282883486814,464.181431409586,NA,361.003885269487,362.183878123946,359.845740105007,367.781414010117,368.076847623185,401.041571251938,401.207977079007,400.32173501761,402.878247021295,402.512496075034,109.157625655927,108.695473113169,92.1715814704274,92.2381898901766
"infantgts",2,22,"ets",716.569098475232,603.641180241032,NA,672.771297028762,671.750407885742,671.451638168914,651.634648603548,653.304550284623,628.006635708508,627.504225140292,628.37596299696,623.671344637532,625.541193524698,123.12987848443,122.271207535932,106.293806385226,106.063141448747
"infantgts",2,23,"ets",3283.08816213943,5094.82223265442,NA,3834.60364137444,3847.2989979769,3848.00370342726,3865.47171899491,3864.18620622932,4133.32347963891,4119.07448804011,4118.32710364566,4148.29873359027,4151.40129890174,204.623972778256,205.61036252026,219.427412932251,220.136392267287
"infantgts",2,24,"ets",6899.48739682144,10403.0406880505,NA,7990.65641719842,8005.9426874886,7999.21223877171,8028.37857046019,8030.50548192177,8615.87839121539,8607.20054210921,8612.42402955794,8638.72779894898,8642.85616399442,304.295246818455,305.36769453093,342.67014086607,343.374372847458
"infantgts",2,25,"ets",6605.56575171814,11474.5793218287,NA,7691.23653156899,7720.60296405394,7716.25873899105,7684.32576983164,7692.20041089694,8935.53932558106,8920.71324393238,8922.76346709776,8954.40248727821,8962.77607740472,304.069436650089,303.448480708049,354.352077799936,355.379523373901
"infantgts",2,26,"ets",13726.6182709419,23175.4920623753,15653.4570816214,15653.4140777488,15682.1367447766,15671.4354347943,15703.8446354529,15704.8650511744,18328.9568816219,18315.5460822191,18310.8364148392,18360.0344312696,18374.1419637255,463.663457802284,463.769275005267,551.583678840532,552.580741574744
"infantgts",2,27,"ets",25276.7413723178,45527.2604892427,NA,32108.6738144136,32146.5692347832,32134.7995063574,32112.8230210719,32125.2111675765,35341.0717260748,35322.5665229748,35286.8217328454,35379.990689953,35402.7760642715,728.491351824704,727.700744497141,819.509895212607,820.432055148036
"infantgts",2,28,"ets",51219.4962323821,68309.9952332142,NA,59415.2861777434,59500.8901879889,59500.014042409,59399.5405727776,59429.6281266655,60161.3749704427,60139.5766516583,60125.2466555772,60205.1276157157,60227.1949844278,1071.17329017088,1070.04254395927,1123.41372629658,1124.15056786137
"infantgts",2,29,"ets",43225.5048828211,60657.8967357814,NA,51691.1023287555,51707.5361759248,51686.8503427715,51674.6607911879,51693.6641037361,53233.9668698286,53211.5777524557,53195.0319515764,53276.0705382247,53300.1110755456,985.760107080949,984.853287631597,1048.13436872681,1048.89783754709
"infantgts",2,30,"ets",20130.4620813484,23141.2184865589,NA,22151.3712736516,22171.276214531,22162.281391622,22141.2891069026,22157.5316863091,22183.7985251057,22165.520804932,22159.6893586693,22210.2507040765,22221.4566630547,592.053473079186,591.171667034175,630.885299251386,631.735024503664
"infantgts",2,31,"ets",32471.846623129,26333.0275290111,NA,28825.1522320702,28846.5733514101,28857.792945891,28811.8931288729,28825.0115439667,28685.5862336661,28670.4532764709,28671.1018018501,28716.2366601653,28724.8623871439,700.953697413937,700.082935803069,737.389216843278,738.130627446307
"infantgts",2,32,"ets",2075.30127411586,552.754379776656,NA,1540.53713151366,1545.15249256297,1540.44344155346,1539.11189748251,1543.34221333579,1158.8829244325,1156.96640745875,1156.59276288965,1162.62115578033,1162.3010324058,142.104628282311,142.007644539016,123.584677362336,123.72848038417
"infantgts",2,33,"ets",8232.64189233404,13004.8628586415,NA,10783.04121208,10753.7809782229,10767.1160385521,10790.5074559198,10788.4689225177,11405.4574926634,11429.2549832659,11425.7188258784,11387.3873978173,11382.9905324424,381.449463237557,381.839847536103,424.559776626645,423.754996330835
"infantgts",2,34,"ets",11369.7540808071,13309.8737549486,NA,12658.1153511741,12633.7301503171,12653.8075157557,12661.9371451363,12651.1369757766,12728.2947409754,12742.4346816854,12747.4135768071,12709.0979927488,12702.4122311971,424.780153862971,424.923839471229,455.616228067218,455.041611393811
"infantgts",2,35,"ets",7782.82891222999,7297.34638988017,NA,7585.43749545324,7567.56436982223,7570.37758372893,7581.17311859653,7577.4450453603,7625.66329853716,7633.55205429223,7639.8441559751,7611.58951306479,7607.78746727896,311.261911843274,311.921941726666,333.322983731516,332.754880819615
"infantgts",2,36,"ets",4521.29923370325,2135.33316472873,NA,2680.57350541138,2670.78502251566,2673.77136690639,2682.62299748495,2678.32357774063,2499.56427586825,2502.7192891181,2501.54846768743,2496.44634192947,2496.31120019827,194.393466617297,194.613285788137,188.126789048968,187.733621340904
"infantgts",2,37,"ets",2422.87637785662,4330.10572479787,NA,2718.69752422711,2725.63781567204,2723.75693438029,2717.95792136541,2719.07837064586,2807.24440156972,2801.58762284602,2798.40760953647,2814.19913918648,2818.71925891389,189.004430129085,188.807194593511,192.07067544253,192.359578560246
"infantgts",2,38,"ets",14574.3407386949,18535.7830281856,NA,17125.4611521793,17166.6787628459,17147.328842124,17116.8419111381,17120.6477217503,16892.1376661085,16875.4180911894,16880.7323785614,16916.6230372194,16923.791526819,507.266657874084,506.142042021137,537.280905546245,538.029714598291
"infantgts",2,39,"ets",25152.4182324245,27502.5083072439,NA,23855.4211029172,23893.502088726,23883.7193322284,23844.9457186452,23860.8369200292,25852.5155625918,25833.1496693987,25826.4159850755,25883.3476376888,25887.762868437,623.170059332113,622.074198360334,693.409808022107,693.88928830477
"infantgts",2,40,"ets",11983.3820124025,10490.8332086481,NA,10318.041273345,10349.7621454303,10339.5313929901,10312.1474526431,10323.302836145,10769.7989014569,10754.1465678631,10758.2001814097,10789.2412140063,10792.2960532835,365.855405521895,364.490216488986,404.410071171682,405.068256307504
"infantgts",2,41,"ets",1438.08431187401,1506.66589652216,NA,1463.29369913316,1470.49353220071,1468.10188877059,1466.08585153404,1468.60193973318,1452.2379692961,1446.82932611621,1447.14200233614,1457.86448794209,1461.00160462757,146.164364013569,145.882501422869,138.877928692411,139.269283500217
"infantgts",2,42,"ets",1611.17592796358,1678.29515683712,NA,1756.25322320983,1744.75298620369,1748.26555550301,1758.53025974915,1752.69103380604,1726.57972861845,1721.65461522582,1721.3268066239,1719.57281006374,1719.18703856004,144.125855207091,144.467452199958,139.212041832271,139.297860218081
"infantgts",2,43,"ets",2536.0989503854,2571.77592845027,2914.69232884466,2914.67995761605,2918.32363534739,2917.81276444051,2911.90478705348,2913.71690439484,2601.67458282195,2613.37152429495,2610.09051396056,2608.92358259802,2608.6567452272,185.524176444806,185.57049607599,178.537286891141,178.060715496179
"infantgts",2,44,"ets",650.658062813798,534.661416146585,NA,410.558277407232,413.726857078625,412.482139453616,410.897424087443,409.197154619783,412.78371098332,412.258867921844,411.018228030011,414.902590277908,416.879240114318,104.628321544551,104.363802546929,90.7552163967475,90.9596694132558
"infantgts",2,45,"ets",2574.76281078133,2302.87868457455,NA,2352.53885212947,2346.76070067438,2349.28864826669,2341.36278946449,2337.30603932348,2302.72041965198,2299.66549835197,2298.02180072796,2293.58241691166,2294.21898654194,166.585083205893,166.303897876753,164.780496979477,164.643826512924
"infantgts",2,46,"ets",1784.28287796828,2376.41923937161,NA,1957.42816889186,1966.73563029384,1964.47792534883,1964.49760762028,1967.71213318872,1974.06717129825,1977.24864238949,1978.65056446792,1978.51847659206,1982.82731226731,165.60102647034,165.692368250389,162.635165451015,162.421981676355
"infantgts",2,47,"ets",4842.03434795208,3037.04222615989,NA,3117.92491538977,3120.64184040518,3120.95352632272,3142.93728221491,3142.69323414246,3206.36215728732,3206.96138764004,3209.34930655519,3212.24635144325,3214.9733000052,207.364835813195,207.821171742268,212.33333910015,212.696768408698
"infantgts",2,48,"ets",2291.58081669692,3215.59237727697,NA,1823.63814473085,1832.32055538172,1831.41927731237,1983.07444162267,1981.64677054592,2172.33300978471,2175.70912014559,2171.10370839396,2254.48902213261,2257.36244416647,160.639585165682,166.083051300031,168.811366940021,171.630274167353
"infantgts",3,1,"ets",878.484009480764,798.086126755917,NA,825.870412959473,831.907986353609,828.513618716162,1200.0163927001,1147.33253908444,830.278968967007,828.255670774498,830.223327603883,990.104216846734,968.058901483256,117.203735043994,125.933698715504,105.532205426666,110.698371273227
"infantgts",3,2,"ets",1652.90514005524,976.619576820648,NA,1166.26030108928,1172.18413866437,1169.14487388842,1603.59796103794,1546.33863697273,1266.44785501034,1264.03726798867,1263.58431655694,1431.48539047678,1408.17223879001,125.101686388372,135.991169831101,119.950646178003,125.366395870055
"infantgts",3,3,"ets",574.817482950362,486.550160221266,NA,564.257425309726,559.997195975849,562.572732718207,421.256113896293,434.760498717922,538.025987977975,540.84311109455,539.738397754026,468.097055232252,477.431886803508,109.030839760836,103.548413016518,93.8612274476391,90.6825889552231
"infantgts",3,4,"ets",398.776415082766,550.719434441799,NA,414.827449741922,420.648402893734,418.997444403952,648.339327945686,613.271811520054,472.739413180913,471.135645555218,470.280702515197,564.304811279092,549.427449142761,102.388151316083,108.054147615958,88.0723093673988,91.4620207028809
"infantgts",3,5,"ets",423.71280797405,354.674684359333,NA,361.072616009527,364.311904721425,365.506155223746,456.058868172429,437.884539496308,394.862984209321,394.622258675175,395.348311403586,422.008102059537,417.832560789746,102.962953128926,104.867886458662,87.7528283722119,88.5006785233748
"infantgts",3,6,"ets",3435.42815497265,3419.63539978117,NA,2858.45033371599,2871.64366315028,2871.08595282639,3261.73059628165,3200.24295064083,3430.09893757547,3430.40800175449,3442.99932777569,3534.76535297623,3520.21591716342,176.659437898433,186.761540219623,198.247334776064,201.940371569991
"infantgts",3,7,"ets",2624.90450320239,3323.93590697907,NA,2216.88710688964,2230.25301756857,2223.50031376426,2620.23645404509,2565.40155457988,2962.57086824298,2960.82750898592,2960.49455464564,3076.91303913709,3059.53249893374,157.095779954088,167.072300023053,180.909403795911,184.444970047968
"infantgts",3,8,"ets",1541.42087046731,2663.11953459527,1747.55828885441,1747.58940197619,1750.4981490464,1745.87464386825,1994.39281076029,1950.8368648716,2078.25275125399,2081.82082880305,2094.29592329479,2152.01091064552,2141.17740253578,140.517306465722,147.371553379094,147.194621529713,149.558797929665
"infantgts",3,9,"ets",11253.7371755,11767.0328362744,NA,11304.8201178805,11323.4955888547,11315.2054436612,11666.4603693235,11609.023770576,11473.9023014555,11494.5870835347,11494.0797071285,11561.1636757115,11547.3161389536,381.223233011891,388.986000884403,417.720520744113,419.459373483539
"infantgts",3,10,"ets",7818.40747524136,9871.77345989364,8400.79471421577,8400.81705639715,8409.65154847402,8410.92874468094,8720.84386493027,8672.93933054874,8894.10650363005,8921.23751325629,8921.38225375584,8965.23328085126,8955.88796781267,314.468600132574,322.01801704555,354.12314945007,355.266149499211
"infantgts",3,11,"ets",20691.0378640397,18089.4171040458,NA,20212.276630958,20257.7040038059,20262.4521018163,20558.452644102,20517.1883855224,19269.6707367552,19313.3038143373,19315.9315958519,19355.0110604881,19348.8491438116,549.175311345315,555.173310031508,575.210804593559,576.308518467399
"infantgts",3,12,"ets",2169.7781075006,2030.59070602412,NA,2044.11467399401,2053.68435607758,2053.26458921473,2159.64669590122,2145.24137690607,2065.28484627884,2078.2817065134,2077.95429057145,2090.00660166931,2089.04037419056,153.609469152695,156.581303768118,151.77104443456,151.790190188696
"infantgts",3,13,"ets",6244.99084319323,5588.49547162885,NA,6025.79044180029,6039.91422816149,6034.69828756959,6122.5315112073,6108.42882166415,5872.189826801,5870.33568539003,5861.89244758666,5899.22618305217,5901.07322701501,257.915157845846,260.423330967327,271.624444108053,272.361565573578
"infantgts",3,14,"ets",184.007413077904,172.011827776764,NA,181.739837251028,180.640728528788,180.34254273621,173.151575626811,175.126378164034,182.169508902583,181.218376051415,181.439500280024,179.88972400955,180.094074456458,98.2462200701698,97.8586278208924,78.7273661725363,78.3960164996168
"infantgts",3,15,"ets",2206.18445767555,3006.02083559538,2461.59275568396,2461.61744049154,2470.80739844295,2463.76813477615,2572.89295828705,2559.74630235668,2605.30041500271,2616.63119907973,2612.61461229592,2628.52044770296,2627.55479882973,167.696626060192,170.27592370219,171.582482900018,171.851072733256
"infantgts",3,16,"ets",7277.1773906635,4541.47945092916,NA,6560.03482893189,6574.32416023063,6571.80951709148,6726.98320982079,6711.11951877616,5596.5641414319,5606.57059931783,5598.70743383346,5636.65869616705,5636.66922771927,272.942822383332,276.621223613875,264.771331053735,265.689181893868
"infantgts",3,17,"ets",334.542034694464,492.53016931033,NA,418.977673432762,422.093067505592,421.51131680296,460.529314122975,455.813752732102,420.480332054203,424.057114369679,424.314699046236,431.762478176193,432.05270371232,106.322116242417,106.937191514555,88.5242466673218,88.8170231085429
"infantgts",3,18,"ets",2871.24470334619,3328.02771538941,NA,2938.44210935155,2954.94250048029,2950.20780527106,3010.3331986213,3002.07481080107,3055.92785150241,3051.14664660726,3050.41014488696,3075.62622174265,3078.56257641954,183.233754657495,184.778453528159,188.620632916532,189.42643034339
"infantgts",3,19,"ets",217.934780192766,176.907301687228,NA,194.364355785883,194.418853718966,194.732521513441,196.337056069482,196.675534083859,195.608519859344,196.255762274477,195.633324172396,195.94304178641,195.258210262577,100.838173634359,100.607969278104,81.3562503307654,81.1149252588818
"infantgts",3,20,"ets",2897.66545674977,3501.57447732705,NA,2919.62607303679,2935.21031265479,2919.92716962759,2962.5540769054,2959.63962338966,3142.93091167585,3145.92915846907,3144.01615778984,3158.60408591152,3161.83054873965,178.670597133673,179.842921962752,187.146743075569,187.286689546404
"infantgts",3,21,"ets",1352.66123671589,1871.76344136006,NA,1537.90629791847,1543.09427234506,1539.31374989879,1624.12170128607,1617.35676767892,1591.3208678751,1598.28344913573,1599.82815357702,1612.44712665507,1611.92375913679,148.029304373456,150.277098179527,141.586447832623,142.298149216376
"infantgts",3,22,"ets",1007.50990720513,1837.99810573214,NA,1256.62141738855,1263.37960337638,1262.7601874007,1271.56793299711,1270.58102878002,1350.12907379222,1344.43398526343,1345.1698968346,1357.02298980614,1359.79337962078,139.13490413774,139.29065342125,131.168459894688,131.350941786473
"infantgts",3,23,"ets",10453.5534395319,14500.8972014276,NA,11749.4149562044,11768.5804212385,11760.4548875222,11795.3778219579,11797.8207370737,12433.6379356358,12422.6528814562,12426.8603298565,12461.4420574466,12467.0214605338,384.416492010304,385.229735064423,431.395487927538,432.208747861564
"infantgts",3,24,"ets",11735.3436679277,18100.0497197137,NA,13066.1882670759,13106.8221301635,13102.3533876096,13057.1690228832,13067.2455936203,14802.568324498,14784.4448660628,14786.7328926622,14826.5905633047,14837.5402182177,413.978476964025,413.300769873252,482.223674223615,483.31161265075
"infantgts",3,25,"ets",28411.8169072003,40806.0201212694,NA,30739.826345645,30781.6469173682,30764.1691093662,30809.3803968203,30812.3766874638,34576.0836067433,34555.7083064677,34548.7509543461,34619.7389799672,34640.2292594471,710.82652400968,711.19972133837,809.684065374534,810.535164162269
"infantgts",3,26,"ets",31139.951624285,54213.3443951135,NA,39295.8873773363,39336.5164059503,39325.1629334454,39298.5956143219,39312.5467025386,42950.2399433436,42932.5170540662,42892.2576441887,42991.5318938326,43014.6910833238,824.108964044951,823.457710594889,918.325709024781,918.948682118115
"infantgts",3,27,"ets",99259.5141547644,122984.188485507,NA,110984.183110825,111098.417010185,111097.681851142,110963.157919389,111001.690301896,111365.000655515,111333.310565863,111310.041912308,111427.446409655,111461.07385046,1531.93374524124,1530.80579296499,1580.79633531438,1581.57703382523
"infantgts",3,28,"ets",67052.6967411225,88320.942849653,NA,78155.2170503714,78173.9723488855,78146.7441977007,78136.8852314073,78162.3986983943,79265.9407154596,79238.6439758434,79220.7980205051,79316.2574707441,79344.1266181112,1254.2958039615,1253.40096075727,1310.66041645432,1311.41388269014
"infantgts",3,29,"ets",93024.0184860174,100151.304423341,NA,98593.0226564305,98634.4415032078,98617.0793726225,98570.2537453987,98606.4635779411,97884.5866474234,97848.3322166732,97838.7239994237,97940.2076777658,97961.5453560629,1436.99343064766,1435.99386511336,1475.49586474511,1476.34021523449
"infantgts",3,30,"ets",44687.1805597655,38693.6278999281,NA,41714.481241764,41740.5663413089,41753.4086651069,41699.3741834373,41715.0193371818,41210.5562774915,41190.9832741894,41190.2994634866,41247.0043048949,41258.5965887406,876.901829413875,876.015984405569,910.462872306798,911.226704547486
"infantgts",3,31,"ets",19097.6097525566,13584.4834339325,NA,18461.4700908023,18485.8246589099,18463.7426378525,18453.7787750318,18465.6809149661,16251.8659775282,16240.5166920811,16233.2679274996,16274.8405061499,16278.8349974957,531.020110130089,530.133748418071,524.02775239013,524.733386206455
"infantgts",3,32,"ets",713.784338617304,1158.3505061447,NA,730.91967945563,725.791080136487,729.095067733285,730.713111334242,730.186440793388,812.51079577106,815.744180268621,815.489301056437,808.202287052121,806.56021071599,114.674651802431,115.134198851476,106.355471047472,106.057066743283
"infantgts",3,33,"ets",19672.4657762757,22577.4642641571,NA,21621.8818533173,21582.2321251439,21607.6979818023,21633.1491416916,21623.492298099,21801.7480067938,21821.0470474591,21827.7378644595,21775.4146313078,21765.9862193247,585.840799601456,586.387291579623,627.534963474941,626.882450753746
"infantgts",3,34,"ets",16126.0919664126,15627.2855210172,NA,15940.0070151789,15914.9761656555,15919.2543957375,15940.5177181104,15932.2877984939,15953.4384018732,15965.9133958158,15970.6349027404,15932.4393263244,15927.2993235495,490.332993175645,490.936722850577,522.591540558542,522.187541726929
"infantgts",3,35,"ets",12500.4058457931,6516.23966941683,NA,8679.74263054331,8658.79674938458,8668.08459018576,8684.6453797962,8675.60391062552,8189.59032309953,8204.33632844519,8194.63740424613,8175.21911893344,8172.51189313437,338.696974339476,338.685830263235,348.848388740892,348.350091412936
"infantgts",3,36,"ets",2681.03578146594,2383.94762282243,1571.10632556099,1571.11414984724,1574.01642315946,1572.32086487752,1570.82052283393,1569.8395616776,1600.84128551366,1599.37662630789,1599.78126630415,1604.61229635413,1606.83674665882,156.16927228781,156.380194731536,150.867662409321,151.064972923762
"infantgts",3,37,"ets",9568.14141678706,12253.6911545417,NA,11230.8193517167,11260.5452780025,11243.6887234672,11225.9217805558,11227.0568678763,11071.2164440007,11056.9771177049,11060.6540071562,11089.9181536926,11097.8553835269,393.468654648168,392.60657021223,416.894411305333,417.614389996535
"infantgts",3,38,"ets",29630.8105723661,32079.4848404516,NA,27510.3789221484,27551.4434628827,27541.3831637999,27498.3278418979,27515.2399169762,30177.870540571,30157.6786879382,30150.4424869392,30211.1717105086,30215.6728866231,680.963009537202,679.701001720085,759.740049427615,760.52169553135
"infantgts",3,39,"ets",33595.2150137993,30983.2248240671,NA,30044.3959456746,30098.5825281474,30078.7760154177,30033.0366822557,30051.4580338291,31265.8914535893,31238.9939018533,31243.8953532956,31299.4086470466,31305.8998530842,718.278644093977,717.252421671862,774.685150707334,775.479618761707
"infantgts",3,40,"ets",7161.73994874198,7627.50950090526,NA,7053.77958100085,7077.40290831328,7075.51199710251,7052.85367312787,7060.40046766029,7298.81482448166,7287.82836111336,7289.81544762969,7315.9524179014,7320.62090110848,288.93631233488,288.4711290594,316.196881073046,316.979236440289
"infantgts",3,41,"ets",1149.18883670708,1093.85004481052,NA,1087.63659486119,1090.50337491799,1086.7632768768,1088.81564849717,1091.47591587946,1088.46555324246,1089.11707002736,1090.3780820193,1093.29216258358,1096.07269722735,130.482156117295,130.69930099892,121.580013577408,121.516489293751
"infantgts",3,42,"ets",782.652480042298,756.932884709658,NA,789.527040651913,786.382617419578,787.687083548673,787.833983639753,785.355033035798,776.812349466246,778.736149521745,778.001637857779,777.580710193416,777.83120177424,122.31764914172,122.333991058111,111.105040187387,111.156418228494
"infantgts",3,43,"ets",985.722352992681,529.983633976843,NA,498.833404654648,498.903935305597,497.532712881493,497.657877693643,495.008522906923,544.958492093466,546.681033830546,547.002356765518,543.453159486841,543.99484492261,108.529640200171,108.260650416058,97.7071486081003,97.5073772854589
"infantgts",3,44,"ets",973.064067170129,1274.87438315874,NA,1039.83559166903,1044.96382911712,1042.33861288172,1042.17221328953,1044.23078758243,1116.3912036795,1119.24774072627,1118.81964404045,1122.68804415276,1125.37495180402,123.268636389797,123.322539543676,117.813053730331,118.008452014042
"infantgts",3,45,"ets",7675.99703324997,5775.21746137828,NA,6707.24503655695,6695.48808427007,6684.56784975623,6683.39663799463,6675.35499378842,6564.18483577776,6556.03945793567,6556.58417905248,6546.4615669184,6544.13392576901,290.12833102497,289.688868374608,302.077538339017,301.922913815181
"infantgts",3,46,"ets",4864.09985022347,5978.43416789192,NA,4664.54463722488,4677.68999939956,4677.65411670003,4753.9289846981,4753.41786112156,4928.91615888523,4942.8578534834,4948.39743732611,4966.9081595495,4971.66286205722,253.688523801859,255.877657124657,267.981350606723,268.918468150404
"infantgts",3,47,"ets",4466.10346245313,2570.15062552321,NA,2590.32391023938,2592.71780167128,2593.19942050189,2645.91508047787,2647.39183138734,2604.77986457547,2606.39571831242,2608.39593773666,2632.12227650363,2635.17754099513,189.571133590959,191.930781184509,190.49565541621,191.593566063787
"infantgts",4,1,"ets",2974.89646514326,1955.23809390255,NA,2267.43102037931,2275.15190396904,2270.61374564774,2956.0562142547,2866.41434720332,2386.19106576199,2382.86014004511,2378.23618813212,2671.12524252816,2632.42640765266,157.375995574828,176.169561393207,161.04883648204,171.314509098783
"infantgts",4,2,"ets",192.362879732988,184.279491284214,NA,192.58255972077,192.546296328709,193.025595510417,195.8922514271,189.454133932338,188.783942309682,188.394503745034,189.097617376492,170.795127761471,171.895816012934,95.4805448204522,93.2843556936884,76.82560303002,74.8132075299823
"infantgts",4,3,"ets",310.405794006588,386.071073464009,NA,310.031421150288,313.843340931052,312.955015432595,479.65787752885,455.040260672592,339.978563141534,338.06953080884,338.322299114332,409.040563253032,399.60869828271,99.5380230240272,103.213081638107,83.5118578683485,85.7063017631345
"infantgts",4,4,"ets",2160.56098138723,1830.12143312657,NA,1898.58103733636,1908.69553632588,1909.62937456419,2297.17581536648,2235.02693332029,2034.80608743785,2031.17657398291,2028.93662569081,2167.14667915197,2146.43024919521,146.789151131898,157.325595156774,147.961386309199,152.741619943896
"infantgts",4,5,"ets",436.851970717799,403.270903060962,NA,317.600382676278,320.025261168271,320.724252861891,387.893098306137,373.54083242137,411.985984131152,411.302275930682,412.501787433533,441.691802310369,437.965075657239,102.573868627607,103.271284509763,88.7135159759661,89.8620300332743
"infantgts",4,6,"ets",5899.57128505124,6780.50882323758,NA,5196.65667968578,5216.06158436028,5204.86338106702,5861.27320940846,5770.09511803101,6334.95156501297,6338.33417134898,6331.72553317323,6531.80990787272,6501.28338677045,239.320309191187,255.437065994235,286.794068064501,292.556171548035
"infantgts",4,7,"ets",5123.6779138294,6918.31599771792,NA,5501.19681961533,5506.46256258396,5499.03867637872,5966.246826971,5891.76199180388,6019.14747222856,6017.4775379028,6018.74224940478,6184.85520106025,6158.82557745483,245.769763276741,257.401368813253,277.328266215621,281.985272931933
"infantgts",4,8,"ets",10628.2929191433,10967.658569583,NA,10641.3201813239,10659.4270291142,10650.3400799608,11064.481650955,10990.2874007275,10762.7073220518,10781.2314389725,10772.3269264463,10877.8126775598,10859.7623421014,364.105631332127,373.708062103331,399.634053077316,402.064010982004
"infantgts",4,9,"ets",11331.4928405469,13524.5580210121,NA,11984.5372926517,11995.4415422451,11997.5903190034,12428.1500164739,12361.1796747847,12486.1743450587,12501.898225471,12492.4377995059,12589.8394119801,12572.7454805974,392.749697907814,402.545900708377,438.37876137954,440.679576059903
"infantgts",4,10,"ets",26423.7455689387,23180.5954016923,NA,25815.166094521,25866.2286599854,25871.4597800113,26257.271272085,26195.6914534342,24641.5427302946,24681.4895079306,24686.957337593,24760.0599340957,24747.4419929665,641.331715919977,648.26564888717,667.487046337632,669.224721346347
"infantgts",4,11,"ets",12406.8757796818,11891.0264102419,NA,12094.5064177758,12116.2538540221,12114.2738386802,12418.8593576849,12372.7688465695,12077.6803168363,12108.2356187158,12102.5458385309,12152.9423828235,12149.1771264314,395.029699870455,401.807941604461,429.291046603617,430.314565496018
"infantgts",4,12,"ets",6259.0758386173,5471.22580418708,NA,6009.45843866496,6024.49428633973,6021.95908829261,6129.35040969528,6109.82749264666,5807.95114174224,5819.14177293827,5815.87021155144,5840.76078249753,5840.09587141476,260.483556678213,262.934602445935,272.028301514257,272.873104293377
"infantgts",4,13,"ets",5718.57055910067,5447.29062449731,NA,5477.52083176413,5489.5481533881,5480.95555916504,5633.8512621333,5614.88738145206,5511.51052068847,5526.43849101491,5524.18195543937,5546.60198408337,5546.7772312192,243.592816841275,247.426287816526,260.370929770767,261.347712291939
"infantgts",4,14,"ets",187.983099133684,323.152683876664,NA,212.696843095333,214.998055618203,212.397905699405,240.715411394698,238.347063158078,238.140648152282,243.107308591858,241.970659672412,244.743704352489,245.160653921737,98.7655961510311,99.2345773581908,79.4513476233483,79.5746784751036
"infantgts",4,15,"ets",14171.2631400446,9993.19727233038,NA,13074.6304474948,13095.9080522604,13092.2009889803,13323.4335432278,13297.9387923781,11673.2205366726,11696.8126577801,11683.8394376278,11731.4963103186,11730.5439518415,415.550520253578,420.078486472002,419.235770817093,420.435337950432
"infantgts",4,16,"ets",465.523895237986,544.722267752538,NA,504.654736221482,506.279631351258,506.963518412567,538.118932875365,534.607899777435,500.567509928769,503.732842000555,504.542230243997,508.85882574632,507.901690198742,112.819104965893,113.130414035224,96.2210680591869,96.4085282359883
"infantgts",4,17,"ets",3879.52270437404,4228.67214977727,NA,3915.84715104909,3935.22055722273,3930.04528423727,4008.32704772288,3996.53247845259,4005.47884743817,4003.68480967642,4002.28053002682,4029.07073294022,4033.20897238717,207.84559910812,209.666244111649,217.690955053896,218.533393457672
"infantgts",4,18,"ets",7212.24592564756,6628.99785323268,NA,7016.71428041444,7032.23042498402,7023.43250328441,7096.24384047258,7088.90277980649,6850.92306382026,6865.44651990839,6860.83458397206,6874.23892936989,6876.13689242093,282.727318435288,284.333661771902,298.654369988964,299.333306905787
"infantgts",4,19,"ets",943.885698007527,715.295105160533,NA,947.340660812313,938.902513510339,946.065699397165,925.364621953053,927.089233053711,836.636596997415,833.724481614167,834.581035295937,829.900336788928,829.160835850961,122.602720875122,122.476970277386,105.403908149363,105.433895993013
"infantgts",4,20,"ets",5444.1468760097,6611.7888428324,NA,5888.69696603172,5906.36809602649,5898.36367325139,6110.33905351441,6090.85137784705,5991.85193142153,6007.19804521655,6008.48959887115,6048.38616319796,6048.79138093408,254.473650354705,259.24844404993,273.359035386934,274.65873066053
"infantgts",4,21,"ets",4060.22279355382,5720.31413234223,NA,4568.26367804212,4581.1638936197,4582.2337834518,4606.67982592122,4605.38693537699,4815.5703104426,4802.52201216518,4803.45296234486,4831.29480784668,4833.77509313919,226.819436964965,227.888603158942,242.739986067661,243.8685663139
"infantgts",4,22,"ets",5592.62812606814,8314.06594762235,NA,6486.64085456965,6499.39462404855,6491.98323799376,6521.73422315212,6523.32867598818,6884.01510119358,6876.45593600504,6879.33404023181,6904.25042364323,6909.49749277498,273.780419824406,274.494247539941,300.943956300456,301.481673000568
"infantgts",4,23,"ets",16089.5980096631,23257.3320735965,NA,17421.8143059215,17470.4472672843,17465.4258090122,17412.1171775,17423.2041217641,19492.806046656,19471.3635739057,19473.6250096079,19520.8003434325,19534.2075811394,493.868982184139,492.876929640365,570.923624826199,571.792475598595
"infantgts",4,24,"ets",38452.1334960795,52907.0319442907,NA,41097.9565704261,41145.4602774183,41125.6977973583,41176.2092620015,41179.3941764401,45689.5465634775,45669.9875130955,45660.8082135561,45739.3681555095,45762.3401059098,847.675547863008,847.980615564942,951.818547437064,952.684458729232
"infantgts",4,25,"ets",51336.4409602779,79345.4263240595,NA,61436.3805128872,61489.2229369482,61475.7988647177,61441.1070320844,61459.2817748133,65897.2750049751,65873.3243557238,65825.0822773693,65949.9124800917,65979.9964377224,1079.05622075175,1078.43631691113,1173.73347186301,1174.53222999782
"infantgts",4,26,"ets",112306.835812463,138090.113941629,NA,125623.237227875,125746.820879312,125746.971244972,125598.614794212,125640.786381998,125415.522444499,125384.131686898,125360.1058445,125479.865097674,125513.89407073,1642.12505729415,1640.96376472481,1686.69207677719,1687.44321891712
"infantgts",4,27,"ets",122189.836074054,149992.494975698,NA,137543.965390913,137572.219803046,137536.402438278,137520.114453172,137551.819712043,138077.9460707,138040.157908542,138014.645425756,138146.746566449,138185.796978391,1726.31380601814,1725.3934437294,1777.06291335133,1777.8493682951
"infantgts",4,28,"ets",126820.875156109,135772.78050155,NA,134620.145580995,134668.113471138,134646.294537237,134595.536477739,134640.215626798,132850.579259344,132808.700712464,132799.548343621,132914.247457215,132937.647221159,1710.5712653397,1709.58234968854,1742.89846097504,1743.73138115399
"infantgts",4,29,"ets",140515.764145859,132341.597767386,NA,137794.911090988,137841.588360806,137865.145343826,137767.281834174,137797.741555768,136220.364265747,136186.190472556,136187.460891836,136287.318996203,136306.177582873,1736.70938479684,1735.78421065084,1768.72429843849,1769.48476928836
"infantgts",4,30,"ets",27900.1973664479,21195.1265191086,NA,27397.4693251464,27427.9174562907,27400.5138867711,27388.5157791695,27402.5675803705,24506.4715018745,24490.8889365462,24480.3630886604,24534.8350834929,24541.4696716094,678.859982032791,677.927596344204,671.472750799409,672.234972390381
"infantgts",4,31,"ets",10255.8667170872,5861.2457024848,NA,7434.3272398265,7455.95750062298,7443.94725425292,7427.3351674031,7430.64084930466,6985.7063935591,6966.80034765401,6971.58569007756,7000.11348127396,7001.92078894823,299.701357198063,299.374374514336,308.957267469766,309.972158565724
"infantgts",4,32,"ets",3434.63867832243,4666.13514682753,NA,4209.2705382471,4194.84589280138,4207.09490093008,4212.0335658326,4206.6471419394,4252.68648205588,4261.66516597526,4264.61517409033,4240.76618544194,4236.02282219733,216.242993335103,216.291786759369,228.843039673927,228.409149944951
"infantgts",4,33,"ets",26570.3327048867,25094.8270368012,NA,25911.9516308481,25879.7525213599,25885.4147331403,25922.2148972896,25915.8195296055,25947.3856828424,25962.3220686569,25969.8952440272,25919.3208595518,25911.4400991814,656.057921951784,656.678592105814,695.790721186479,695.167230403807
"infantgts",4,34,"ets",22022.961265612,14351.8249778822,NA,17236.4366943685,17207.5502871298,17221.0812668712,17240.7097112668,17226.1978094673,16623.3683188524,16644.2313433533,16629.518393734,16601.2247329451,16597.2329459065,512.956273594755,513.632926604091,535.209351086662,534.679192725036
"infantgts",4,35,"ets",7866.75946731185,2444.48012748903,NA,3570.56317384016,3555.07278647601,3556.07516538977,3573.38549275297,3567.13627600669,3468.24833613021,3474.55693013001,3476.58320351378,3460.86078254183,3459.52304923945,214.158417322253,214.380627505828,215.964331350003,215.880446196925
"infantgts",4,36,"ets",5673.31736853597,7681.65268622229,NA,6875.65297231612,6898.2750408075,6886.87866243388,6871.21178150817,6871.56546180365,6732.1725265702,6722.2495491406,6725.4184828557,6747.70381297736,6753.18582760068,290.982947011207,290.459840301754,305.771805404948,306.255073289998
"infantgts",4,37,"ets",21387.4976878558,23206.0978295106,NA,18827.9636576532,18860.6606389089,18850.9964480185,18819.88756964,18831.9999658395,21495.3073751282,21478.2448856772,21472.8829891743,21522.7845140099,21528.4966803505,539.074331812319,537.99136080907,621.729594229056,622.565816538297
"infantgts",4,38,"ets",38794.4601436475,35862.8322054705,NA,34103.856474342,34162.154567747,34141.2640362747,34091.1433643346,34110.8310327014,35967.9684163474,35939.0854822841,35944.7764037438,36004.3269063966,36010.9642992492,776.101581205075,774.917718664481,840.804796335795,841.536390339016
"infantgts",4,39,"ets",25265.2715314019,26097.8014116651,25196.0676603769,25196.2739925413,25243.7247529022,25239.7645927,25191.7003319426,25207.4518399724,25525.8992973109,25503.0751497708,25506.5467353454,25557.5072577863,25566.6843722533,644.95393956649,643.919124603256,687.182497853209,688.066435113186
"infantgts",4,40,"ets",7502.82495999098,7205.68760350928,NA,7182.9357207451,7206.89801870423,7198.72562372647,7178.11105977926,7187.52836575134,7192.03902157324,7204.73896306835,7206.05321074632,7209.04802758442,7212.3091371411,290.504228344332,289.655401903388,311.979406086926,312.316149010575
"infantgts",4,41,"ets",3627.07207264083,3725.82317979145,NA,4178.4793569645,4188.54447173987,4184.43371073787,4176.06380434678,4181.22147663235,3745.01604384707,3756.13127317602,3753.57268753213,3757.89621745817,3760.56776496145,214.809937564667,214.397191822784,210.940769225493,210.966942789047
"infantgts",4,42,"ets",4653.74709934206,2474.38897630534,NA,2827.58385565025,2821.63068303231,2822.27647099333,2828.07081916531,2821.04895147693,3015.80023427071,3018.48341439296,3022.17268599197,3007.67939564107,3007.88849581736,181.624272848806,181.499443569553,190.950802256413,190.646536604245
"infantgts",4,43,"ets",645.473852065321,888.950315376264,NA,704.874177503,708.031515924056,707.538283625935,705.34439246888,705.978879242604,754.092296446795,754.921173979627,754.305793664599,756.714471612727,758.111076012389,116.183489637716,116.05607425281,107.134837861954,106.897387593287
"infantgts",4,44,"ets",1175.8768144134,1099.88886878734,NA,1002.76308421928,1004.93329287454,1001.5030056666,996.09858297432,995.257204725453,996.482239884968,997.323247385347,997.89449769176,995.565415059738,998.900147156677,131.94524627389,131.496231498915,122.017561218672,121.832431342013
"infantgts",4,45,"ets",11875.6137326934,7136.64373255705,NA,8408.03993508274,8403.08673506739,8404.57885827642,8399.64945224689,8400.94503569243,8348.21820377192,8335.95631364204,8335.66698955353,8332.95266451388,8334.8494010691,342.936900040023,343.066459207056,358.416958288968,358.499816062533
"infantgts",4,46,"ets",4945.34418452701,6626.92335138285,NA,4745.83423032346,4759.90391906471,4755.30326150358,5017.4833739408,5014.02392211529,5252.98203850964,5257.18152563674,5250.95677456127,5387.65734821838,5391.45175241354,255.388936891217,262.992432056882,275.993402370542,279.976250589041
"infantgts",1,1,"arima",282.827720633008,215.533161124262,NA,310.153134925966,314.246620855588,314.651809956313,455.95002407342,431.094143720448,255.697826645172,256.000922482889,256.461733332859,304.946550933436,297.877771583488,92.7955250728433,96.1565966957563,76.1919824961671,77.5641707643791
"infantgts",1,2,"arima",171.021560712986,219.713779112984,NA,235.099016440761,232.119276806102,233.388811123964,158.353120318064,166.689584113199,210.736517689258,211.649913454958,211.397642348506,173.280768680811,178.782024886967,88.1670149895474,83.5128493176813,72.9925562421247,70.3771764762
"infantgts",1,3,"arima",268.637014552904,236.427635411804,NA,84.9430061131003,83.964425902458,84.604489677093,76.4292628543518,74.3858195245287,107.576005185943,107.713445664503,106.966839771623,83.2721999652623,86.5908450642331,82.8676365965157,80.8635900289907,67.1428879729887,65.5512143812166
"infantgts",1,4,"arima",664.564489573295,270.10110200723,NA,394.069640732055,396.422969264827,394.218344342723,538.456363810961,518.684998078731,400.168581923885,400.167720711355,400.068002000946,437.184582067314,433.001154330336,99.1645471526223,102.265445465297,85.876121898849,86.9035979419482
"infantgts",1,5,"arima",3720.90762332561,2777.19126662186,NA,3837.70401039847,3823.13854652803,3829.57838449909,3257.62009032826,3337.05217635103,3331.285952398,3330.88574464762,3330.94717995262,3185.18072513134,3201.35536046795,206.926611696282,191.628690780565,200.420299304525,195.940363821561
"infantgts",1,6,"arima",441.889190499784,744.185515821718,NA,493.685400971429,498.641196742172,496.448040323456,660.184915501417,630.198935885888,633.508850931126,636.686594468044,636.44067825564,680.735663687059,674.950118861924,97.5358991174911,101.573024287918,91.0924507201351,92.5686256151429
"infantgts",1,7,"arima",776.406947280086,553.962704092366,NA,1249.25753098511,1258.94262356448,1255.06266978755,1385.83229295928,1365.91453930648,896.120206103494,901.31687002016,903.009884792751,931.46306218809,927.487946466911,126.3632454016,130.063320028502,106.153145153084,107.092261056851
"infantgts",1,8,"arima",336.745910612512,308.141476715615,310.266865796499,310.264352487936,306.73252190035,309.047125131231,281.129993425953,284.428948112284,286.21752759402,285.620739518493,284.874683798148,280.18975974456,280.052821496152,93.1215783410737,91.9527699680758,79.5572305227574,79.0467693691481
"infantgts",1,9,"arima",235.212380204029,427.300753892001,NA,164.097632230978,165.817181688448,166.429244007278,199.142878604787,193.28968907105,262.640935267998,263.740510724686,264.440303938019,278.022820622769,276.812604936624,86.6990639551386,87.1768530151355,76.4184613869705,76.577258253943
"infantgts",1,10,"arima",404.915838384124,1289.50944063695,NA,574.094005482709,580.913451687998,576.796262693715,651.125320689071,634.580945511122,911.492820519722,917.261735698587,917.907868766457,932.034866889375,928.918898391225,105.502978823762,107.047086242739,106.097048865705,106.301415071424
"infantgts",1,11,"arima",3974.5969783891,3571.56102073506,NA,2219.59038164266,2232.99629272308,2229.91060674755,2304.00542170505,2285.14646038442,2778.46564468305,2783.67826049994,2778.65019031534,2803.85567229772,2803.86389714434,155.667565026516,158.210677237892,176.503171269532,177.466625689979
"infantgts",1,12,"arima",454.953130597022,619.19845694987,NA,534.803425417476,531.461361241416,532.46382005611,554.743213794423,549.403862695418,532.525376644986,533.828280575048,535.579786072147,537.753602903133,537.241715993463,105.532748788681,106.160886858703,94.3493107064886,94.0477822211778
"infantgts",1,13,"arima",5925.6574281933,5456.75862786321,NA,3381.92503742293,3399.67013323136,3394.07836175593,3495.05440073406,3487.41167906388,4366.63774628211,4370.97872683485,4370.55162814656,4401.87269117283,4401.24814558348,192.510934857276,194.811909857995,231.013672476746,232.029248998772
"infantgts",1,14,"arima",1861.55357693417,1573.01918376407,NA,1159.23748278893,1154.70631466504,1156.37751698662,1139.27416972774,1144.91565854105,1325.50801206451,1328.18295202549,1329.74341290228,1314.80900068512,1315.67317945582,131.723187035827,131.526782051491,130.10171018481,129.521193266339
"infantgts",1,15,"arima",1348.86970572009,1061.5549065781,NA,1220.51325974095,1226.31785782897,1220.00174151877,1234.56821058032,1229.38660586537,1228.09327054745,1228.06049430508,1228.55988767172,1237.28607898024,1239.01842650548,126.854138586099,127.428531077249,119.98339316674,120.222609294356
"infantgts",1,16,"arima",738.222003208973,427.864751028748,NA,1054.23028366947,1050.23897797174,1055.44436964707,1021.24526469178,1024.64283873948,748.205843239045,751.778326128863,754.169023443295,742.138688965716,740.272684798152,125.221080891678,124.086233368947,104.726089528329,104.508873035119
"infantgts",1,17,"arima",871.52104417566,493.658723201632,NA,1886.20830463706,1892.59768554547,1884.93958886244,1946.37521295938,1934.20145982066,1091.39314638232,1092.59622763259,1089.40251559411,1105.00965744006,1105.07154748682,147.72587302898,149.201204709273,114.6135649372,114.88862323657
"infantgts",1,18,"arima",6337.18326911915,4000.5003573546,NA,6027.12815033447,6053.16409610801,6040.62363489965,6148.4312189553,6140.40004120168,4795.06380281138,4796.84081168004,4794.34141464122,4832.53009810656,4833.39288323522,262.645184120394,265.224388269483,241.707053841429,242.911095859251
"infantgts",1,19,"arima",6979.93078842706,4823.5744680268,NA,9763.26256441426,9743.98104944925,9747.06037005364,9549.89189676362,9584.1346402209,6992.35323337751,6980.65723370549,6983.59749108372,6938.66882896505,6940.49521588429,354.263726721582,350.086511596124,307.28657541016,306.790621550871
"infantgts",1,20,"arima",2916.83754846797,3703.12600802001,NA,3405.19069691752,3411.3679904519,3406.59840005852,3451.43057541107,3442.39100473028,3463.54038765431,3461.06998414618,3455.32236454021,3483.53000321225,3482.72765255507,198.781165997789,199.570449309631,205.788445656837,206.687092818099
"infantgts",1,21,"arima",2121.64195839443,1859.35796588029,NA,4691.37146442144,4703.85286503441,4695.52167360215,4709.42773319377,4715.18218494446,2890.93938782632,2889.04564086991,2890.30557169849,2902.0923371599,2903.46620118445,230.878121524743,231.085235635994,182.69471942643,182.836809024894
"infantgts",1,22,"arima",1683.83002629858,1014.40479041785,NA,1623.63753591433,1619.2995684366,1619.17117788868,1595.40179208487,1597.00532278983,1486.40471356133,1485.88524997095,1487.72671267797,1478.86078570658,1478.59771851564,145.127935759951,144.36297901479,135.715833610806,135.465955562658
"infantgts",1,23,"arima",980.95858713177,2179.43204243322,NA,843.019445803443,841.271708809201,839.718702444433,864.369495513316,862.546172619451,1168.11440471114,1175.7453886777,1176.85599605448,1181.87110248319,1181.23374961229,126.062428570239,126.239382590302,126.701457778224,126.642176791682
"infantgts",1,24,"arima",1878.63403723036,3464.8629890274,5989.31021225734,5989.32604197452,6019.65437796764,6007.38806789322,6017.71749224891,6018.2306079443,4165.526828984,4166.78166604302,4168.64847956094,4180.75264781502,4183.1974936272,261.083905185934,261.008139634741,221.902245457641,222.159203516083
"infantgts",1,25,"arima",3491.60851458932,7001.59550343415,NA,4451.41839548979,4460.20380741241,4458.86685388221,4485.48789446524,4484.43026421408,5278.42687076187,5276.71294557964,5281.56232932805,5303.60238188405,5306.09012604173,230.294124005543,231.129633179432,262.78067174484,263.631673928907
"infantgts",1,26,"arima",1696.39074023931,4529.91161197696,NA,4207.58691670025,4221.72444842514,4219.22657607168,4198.68544470658,4197.14537716067,4107.9296719477,4103.31049440873,4100.13049380491,4121.24160729952,4121.91410832221,225.718175283737,225.135424960633,230.372222463622,231.058823594873
"infantgts",1,27,"arima",9571.96525066855,12410.269149537,NA,10657.2259559559,10670.5084728193,10681.9432218288,10751.5506288918,10732.4559371277,11378.0898518162,11375.9799732986,11386.2117000498,11411.7278201761,11411.800796302,379.128847070236,380.990721067305,419.209048073569,420.415669284906
"infantgts",1,28,"arima",4713.94350985336,9075.00548524154,NA,8406.98860686096,8426.8732075682,8416.06861085063,8450.73422968431,8432.97221947101,8244.52176715995,8236.01158861393,8229.39180060956,8273.95211669792,8273.87288522157,322.999594728866,324.06363197819,340.755001845984,341.642686407637
"infantgts",1,29,"arima",29251.8516001803,43093.9172189341,NA,39452.2198227918,39505.6710441035,39490.167339853,39427.9877484687,39419.5538744275,37413.1732165799,37384.5028532357,37383.2670295854,37456.9612987071,37457.1841611567,844.357244163407,843.15659266747,858.435604508582,859.286266299934
"infantgts",1,30,"arima",2792.56779025355,6269.30110979079,NA,7471.52729876024,7491.7719384787,7474.36873204503,7466.03925996485,7471.79419688822,5685.49375923875,5674.68820099937,5675.72181403676,5698.30579547601,5701.67872914438,306.245042852009,305.847810167499,276.222770045057,277.060360411027
"infantgts",1,31,"arima",11923.5338939797,17221.5043871265,NA,14789.4090675304,14810.6595694067,14801.421430506,14779.5396938749,14792.6959843101,15448.3122026309,15425.065587375,15416.0988737213,15471.1422811918,15481.8171598317,465.025640340571,464.585689129602,510.973243321357,511.728517780755
"infantgts",1,32,"arima",8245.73892917016,4093.24124838304,NA,7408.39519087491,7425.07284434615,7418.17929634626,7399.91686237161,7395.62948408498,6033.21879732297,6016.60579158014,6008.4023053125,6047.17651841874,6045.34114145461,308.173037423405,307.755085324584,289.805776062274,290.663634368587
"infantgts",1,33,"arima",4480.46910423853,4546.92721281198,NA,4604.35383407572,4599.26521384223,4601.14072947354,4610.88129306167,4609.80717764545,4686.16671920244,4689.1818520429,4684.86830538668,4679.31799739358,4677.37313773397,249.852107294481,250.164701666447,261.184205716895,261.002051803065
"infantgts",1,34,"arima",3657.7388480331,5139.48502107885,NA,4333.94418907397,4326.81715760719,4333.65775394454,4336.52250179862,4336.93905786045,4604.84481336605,4596.39138985862,4596.54204071545,4596.4262420181,4592.2110738835,238.669645588735,238.273338265275,253.686130855226,254.050655825265
"infantgts",1,35,"arima",4040.39713669982,3620.00782778575,NA,3456.67807114649,3441.44804071549,3446.04061348567,3460.45268621421,3462.90176738809,3932.74199832154,3926.37184273691,3932.16575155204,3920.94391254746,3919.13522246034,200.872644048507,201.36792463603,223.599173585426,223.403357954345
"infantgts",1,36,"arima",2439.21710188452,1377.62166513259,NA,3423.40919599405,3417.82105045263,3422.50937448491,3373.71349731765,3374.91649379109,2068.97698858986,2066.8370072003,2067.75603673849,2067.96633085696,2066.73588799615,220.570749647803,219.281787413964,171.610811863515,171.794980447764
"infantgts",1,37,"arima",1813.98179674619,1162.15247623216,NA,1040.80407794261,1040.98349540646,1039.70185679563,1041.96694430558,1042.49265317549,1009.53614971852,1009.22633748998,1008.97230789501,1009.9604150245,1011.05901475437,134.444772997111,134.517211542824,124.293318809525,124.629800247574
"infantgts",1,38,"arima",5096.73525608751,5374.42316478917,NA,5134.38220385988,5140.469528785,5135.7838563637,5129.14782903239,5128.3103367996,5131.57139812026,5125.52589951975,5126.19342855836,5148.36492716574,5148.72685559761,242.830061929622,242.51859332283,257.681099598069,258.371231734418
"infantgts",1,39,"arima",14112.9585887635,15670.8249718317,NA,14964.7184549826,14992.3559834242,14971.7747453018,14951.8993985762,14951.904434188,14972.8150228927,14960.5909912468,14955.6298712721,14999.3194567406,15006.8271997299,473.251853233377,471.91547795381,505.06568449443,505.929579649549
"infantgts",1,40,"arima",7203.60156900225,7371.63748676978,NA,7468.13888334001,7483.78619172177,7478.25093209634,7465.96344403117,7477.35077435763,7360.05381422611,7354.02860561339,7351.88514366091,7375.28874997049,7381.50167542793,304.217794154363,303.458821070822,324.009673462813,324.756152926686
"infantgts",1,41,"arima",3192.26868932042,2414.89831124598,NA,2826.34533833141,2830.06394665554,2822.07463852626,2828.19114162112,2826.30325234611,2730.20898968912,2724.78705637147,2722.85409984692,2739.10917496437,2742.61796492213,182.37612317594,182.921831941171,183.357179337113,184.080855729604
"infantgts",1,42,"arima",1412.77550580414,2046.92458343371,NA,1686.9896286694,1678.52565142421,1684.89654085629,1684.18086924095,1688.40397019129,1713.82126988374,1716.09547290584,1718.4288179385,1704.41145836825,1703.48164529358,141.445252738455,142.001422073852,140.976240215332,140.427377047112
"infantgts",1,43,"arima",438.180430098642,402.925130647226,NA,327.592578996948,329.174954101975,328.519301826908,327.15427908216,326.603022338542,346.822000176989,348.101619542886,348.71605027422,347.320004328095,346.675789979801,96.3506536603979,96.4302195496599,84.8482532000245,84.5630414273056
"infantgts",1,44,"arima",3216.56705045432,3867.6415536418,NA,3061.49815686981,3068.1721902423,3068.15444351802,3057.8958384751,3051.25947500695,3205.3863377492,3202.56630167401,3199.35389732671,3218.22519446846,3219.08531579079,182.804020251691,182.654663949878,194.016790111571,194.627127425232
"infantgts",1,45,"arima",4909.36477749123,3659.58307631576,NA,3959.88545160679,3953.92861324075,3955.97100788713,3951.36157588232,3943.04230517538,3943.06309992044,3945.75613275703,3944.31661486302,3930.42741139696,3928.0992651166,215.840169273408,215.567404977967,225.01604841228,224.342791778497
"infantgts",1,46,"arima",4619.43291932856,6979.60973795561,NA,5168.20380689549,5182.82573166648,5176.03757235673,5223.34754144169,5217.26844834818,5562.07112933666,5576.35085184243,5580.75487960142,5591.59881225613,5592.14356240197,249.501688567521,250.591533889377,274.634517990963,275.196580161655
"infantgts",1,47,"arima",1687.69078597772,1616.60124428773,NA,1320.86280828795,1323.22323609683,1318.40652009961,1331.95617070919,1332.57933173911,1343.27197947376,1347.12834062161,1353.44236456531,1347.24643659384,1349.67380516873,143.418705596449,143.594473191761,137.363056046106,137.224189847831
"infantgts",1,48,"arima",2215.60545926371,3290.90837936831,NA,2260.02156324675,2266.17615951913,2260.24284373155,2340.77301355002,2340.79697905747,2579.20643811296,2587.13320923438,2589.56133177319,2618.32085271436,2620.77587651974,171.325144188958,173.922113366841,181.52224648973,182.621996626211
"infantgts",1,49,"arima",1977.41242913217,3402.73375608638,NA,1853.22341714836,1861.51335390891,1857.99103847095,2506.53995390275,2490.72396365814,2427.73477890208,2430.72462778957,2431.6945051915,2911.14473407936,2899.46135533314,151.985972179592,170.871368256239,169.705509012595,186.539668859564
