"h","iTest","fmethod","sampleSize","mseBase","mseMintSample","mseCombMintShr","mseBayesDiag","mseBayesSample","mseBayesGlasso","mseBayesShr"
1,1,"ets",100,9.0944702680426,NA,6.74563359526617,9.17758177173357,11.6649527006124,8.95738274358863,10.086548451503
1,2,"ets",100,19.6749146343804,NA,13.0877531607667,17.5396082513429,14.0231608206923,17.4412465743628,14.6535725486081
1,3,"ets",100,2.37791207830138,NA,4.93808719418602,2.46874435371069,5.11576675504746,2.49087280218447,4.29678228604149
1,4,"ets",100,4.36548366242487,NA,8.8297573181801,5.00122965060427,7.67183415619092,4.93697217633782,7.06331472537664
1,5,"ets",100,1.24067999009613,NA,0.934978345874905,0.825627600095566,3.37463918898913,0.72856150660704,2.00294607607689
1,6,"ets",100,22.4266666653482,NA,21.3877867021207,21.7517309410586,19.717627156186,21.8676848627528,20.4890191257297
1,7,"ets",100,2.156074871334,NA,1.68318544543376,1.86576910388857,1.29344671554029,1.93933137210061,1.49684294496852
1,8,"ets",100,1.32630440386173,NA,1.07682629590598,1.3608680884151,1.98035282202148,1.31684831883683,1.59474986276838
1,9,"ets",100,7.19103951624885,NA,3.7786133273371,5.35101950689573,2.24667074296181,5.54933789155696,3.16573323854006
1,10,"ets",100,9.37012767397024,NA,9.63832046299776,9.9329963475117,13.0180196841495,9.82991311957901,11.6193072596357
1,11,"ets",100,12.2199598436592,NA,11.8616852579492,11.8874452396563,13.7560500681082,12.2977028836445,12.8348228163228
1,12,"ets",100,29.1204153532542,NA,14.4212695981541,22.9024728958547,14.1179377694126,23.2418291112542,15.95587541206
1,13,"ets",100,11.5617418383187,NA,18.8259438253948,13.0602379665954,18.3375949071059,12.8093286943395,16.9204240167771
1,14,"ets",100,2.65178815191638,NA,4.43217605970483,2.99476702717992,6.25913462965315,2.87734810344111,4.92179754747915
1,15,"ets",100,12.5934409093806,NA,20.755406198265,13.0359926920717,12.4803179458792,13.0672739961429,13.7743506525393
1,16,"ets",100,10.9373659921273,NA,7.96998204740504,9.57221974900851,7.75848495135358,9.56199157699916,8.14701655381347
1,17,"ets",100,12.581693410703,NA,13.0685782414793,12.3368052042468,11.2015340037171,12.4923080764506,11.8949383622619
1,18,"ets",100,7.36127214496489,NA,6.14413216671865,7.22760914549372,7.86932777654518,7.31196839668442,7.39535535673115
1,19,"ets",100,3.55385030738289,NA,3.05074580310058,3.53844479279847,3.77690028222533,3.52773058582991,3.57825448540415
1,20,"ets",100,3.81111039292922,NA,1.0281342738194,2.10080964413814,0.799476339410876,2.39697144525253,0.92672187378803
1,21,"ets",100,12.653998655639,NA,9.72186683665911,13.3250828822423,21.9771274810135,12.8317504908377,16.6242291181794
1,22,"ets",100,45.5022197153386,NA,20.3155392300354,37.3570729570327,26.9899075272515,37.8873608095921,28.0692452725809
1,23,"ets",100,6.81814951031928,NA,8.54003488628994,5.7103825414031,13.2997833113025,5.65346070411146,9.1589144850148
1,24,"ets",100,26.2310770362152,NA,29.1514847775011,27.689927319399,37.1191611111161,27.4995946424576,32.3394926397305
1,25,"ets",100,15.0087777833953,NA,9.79735306299338,13.7733243985689,12.4632044476347,13.8485440211701,12.2415777577361
1,26,"ets",100,4.1882464597024,NA,2.84778034445214,3.77598941326065,3.38297973560562,3.81483611484368,3.40989013869894
1,27,"ets",100,1.43249851642942,NA,0.925354990977395,0.128417515914406,1.26794076599457,0.196254741805456,0.470400752411761
1,28,"ets",100,12.9839872428275,NA,15.2577494701661,13.4569086508153,17.4719711928307,13.5017503406266,15.5815743159255
1,29,"ets",100,8.51351354025935,NA,10.4278338901042,8.38583188042035,7.52303785022272,8.31299600994487,8.08659274288327
1,30,"ets",100,4.22851718133907,NA,4.8500016342644,4.37222645106457,4.88643884852559,4.18714463775548,4.57042155804342
1,31,"ets",100,6.96409465136365,NA,4.09383101096933,5.97556560334448,3.90043298184815,5.99389809315372,4.70912830672405
1,32,"ets",100,10.0426728063401,NA,10.2650487556863,10.1716144739231,10.991539476622,10.208940212084,10.551081160778
1,33,"ets",100,1.96201972819161,NA,2.57572483636924,2.07733537362948,2.52008911001821,2.09563416617955,2.37646122559118
1,34,"ets",100,0.878445033785834,NA,2.44970135963258,0.987162336399251,1.62506143637522,0.933045184518073,1.42211205539285
1,35,"ets",100,9.60394627306627,NA,8.98244756073528,9.56085427018697,9.90211795630133,9.61858188668288,9.65408866498911
1,36,"ets",100,8.50139793702933,NA,5.47872400650237,6.71731152716918,4.00110091233282,6.97740874774011,4.94494494347191
1,37,"ets",100,36.080219190693,NA,43.6957518179235,35.4148306229428,34.8808288598785,36.126001082207,35.6623680201953
1,38,"ets",100,16.2102684431294,NA,14.4203201975975,15.808710321326,14.7479573644543,15.6486441464905,15.1537380305995
1,39,"ets",100,4.45400204003046,NA,5.08448981432282,4.47611450314319,4.39154581407893,4.37461221266456,4.40113522819297
1,40,"ets",100,8.01768943612407,NA,6.94751160081953,7.41482651932631,6.575402939085,7.50429283511328,6.89814595524258
1,41,"ets",100,13.0752815429154,NA,6.49591387015253,11.685081687671,9.75301109813432,11.637774944579,9.99421627002893
1,42,"ets",100,3.38596709223528,NA,4.09473525028516,3.52964978086198,4.89473865286341,3.54410752562876,4.22760912844153
1,43,"ets",100,16.0681191151403,NA,11.3042647155544,14.4201661922365,10.9840049593385,14.4762172507613,12.2764927830899
1,44,"ets",100,5.92917205605902,NA,13.2729573438535,6.96588780132028,15.061738192977,6.60393022643443,11.5627283336958
1,45,"ets",100,65.9174108747204,NA,76.5971134579228,67.9527754473663,73.415330584257,67.8944857364293,71.4685935227926
1,46,"ets",100,3.93694866570291,NA,3.02256630207643,3.48340877479514,2.33434580411029,3.5113045245561,2.87643243288676
1,47,"ets",100,3.57310317480349,NA,1.45132414361979,2.81217127975943,2.293666772608,3.01148952506491,2.2706453508325
1,48,"ets",100,1.43601337436464,NA,2.34628426825058,0.9659237544536,1.54533032654575,1.07353804409728,1.2155738986044
1,49,"ets",100,3.01821692234827,NA,7.72987350556255,3.51118429735384,6.56190437506483,3.25391413629571,5.13016243324459
1,1,"arima",100,3.44556281449415,NA,5.00694542838543,3.5628585977278,3.80998125744158,3.53532872267538,3.85185125247163
1,2,"arima",100,8.28673678024882,NA,10.4312103556302,8.44633427621071,8.49995474685845,8.31252133813148,8.66202398821044
1,3,"arima",100,6.78204118485893,NA,5.81930616051717,6.82095528074241,7.17714961297612,6.77874048063524,6.90822637954962
1,4,"arima",100,9.72791360627664,NA,9.53871605134904,9.90717886733743,10.3431453954752,9.83807790620984,10.1107147285316
1,5,"arima",100,1.09359446679344,NA,0.821286350729549,1.08966822593788,1.32254100117168,1.04437991167764,1.14210127624103
1,6,"arima",100,23.9123106538725,NA,21.9048946422433,23.3834573659865,22.5293768746377,23.4432535994056,22.6885215824245
1,7,"arima",100,2.19823794418683,NA,2.27414661470588,2.13145627211623,2.08644993781732,2.18598249380163,2.1331899894006
1,8,"arima",100,0.642971864972518,NA,0.438850721848667,0.605520253246256,0.553458475802319,0.567882909163892,0.547160733392763
1,9,"arima",100,6.4161878194092,NA,5.40863969269989,5.61896219428391,4.15178549684677,5.68617115189641,4.66411596060304
1,10,"arima",100,6.97738198402566,NA,8.65645613712848,7.38872497847188,8.39145928823977,7.37841263235065,8.16642056626721
1,11,"arima",100,9.78794223157706,NA,8.83015397350131,9.10837244776627,8.49988755959416,9.34009437295853,8.67290034523633
1,12,"arima",100,16.9230153936723,NA,15.965349315438,15.8817617511679,13.701974555229,16.0157452773291,14.4784806570043
1,13,"arima",100,17.3545849953235,NA,17.1716749389789,17.5472296447132,18.0377958121016,17.5179088125845,17.8450964396828
1,14,"arima",100,2.68750751574739,NA,3.25086945106278,3.00182354497493,4.38551106437596,2.92770542036211,3.84760908585295
1,15,"arima",100,14.0393394197581,NA,18.8896628040751,13.9244253080605,13.2150328616055,13.9802034583057,14.0193648229613
1,16,"arima",100,7.53080757736702,NA,5.64178109831795,6.52868847551359,5.01976331661701,6.33948042940109,5.4368757894606
1,17,"arima",100,10.4159602491391,NA,12.3588974863023,10.8477537932379,11.7084039943485,10.8066240350391,11.555125183081
1,18,"arima",100,8.04937545937885,NA,7.63198137144031,8.01154607757199,8.26460194508569,8.08344922545903,8.11791507319601
1,19,"arima",100,1.47851239904865,NA,1.59980050536268,1.57156767228016,1.93758566873726,1.57953534016789,1.8010439156954
1,20,"arima",100,2.03003158976984,NA,1.17552164147311,1.57052263866278,1.07229619573628,1.67007395553789,1.20147741859337
1,21,"arima",100,4.91858910864068,NA,4.6151763844193,5.37372710293831,7.8700341600531,5.26576958204598,6.65954869671659
1,22,"arima",100,27.2057959618346,NA,22.0940280305033,25.5881856656211,23.3149725412246,25.9765525030564,23.8013679198771
1,23,"arima",100,8.36348928820153,NA,9.79128781379191,8.87902577970139,10.3175888072145,8.60137520150651,9.83290673326284
1,24,"arima",100,25.838840791664,NA,25.9898837957779,26.0631786105288,26.4933081128212,25.9687676806945,26.2645072767385
1,25,"arima",100,12.031374196421,NA,9.51333735192783,11.2408792018239,9.95525619767567,11.3692707067818,10.3351882936561
1,26,"arima",100,4.08242410364099,NA,3.7254536256574,3.87543039673094,3.85369139448111,3.98283530774598,3.79516149765037
1,27,"arima",100,0.716860870207874,NA,0.721481869002022,0.443438509354822,0.556669357076967,0.525214488907155,0.502575955335295
1,28,"arima",100,10.4246726445,NA,13.6983993684282,10.7598987384091,11.6017269567751,10.8184996289941,11.5818105281977
1,29,"arima",100,4.35111572763222,NA,5.4335790388136,4.33709817523416,4.25630942094285,4.33815516058198,4.42661736637679
1,30,"arima",100,2.85095156293357,NA,2.82541405471457,2.93563775778831,2.95105314909736,2.77239115983456,2.9192521345211
1,31,"arima",100,7.96294275508205,NA,4.87937024981596,7.08743815841521,5.8480443566937,7.16622865946783,6.12203070009917
1,32,"arima",100,6.64589652747294,NA,6.72023012586093,6.60581618303239,6.56228085477545,6.65542882646607,6.62210924211374
1,33,"arima",100,0.258208052194506,NA,0.251908940301967,0.199206826930926,0.18874072309978,0.218378693592472,0.201962960850174
1,34,"arima",100,0.960059473207122,NA,0.580858951875316,0.82068873794679,0.798754183219862,0.770209667566969,0.721531092776291
1,35,"arima",100,5.11336667993435,NA,6.02648417383822,5.33990094980655,5.48996898124078,5.04473206990961,5.44959746734414
1,36,"arima",100,1.15042205027438,NA,1.98287812444446,1.1051395924098,1.07104319289197,1.04422974308346,1.1700439169578
1,37,"arima",100,38.8146620033768,NA,32.790717086118,37.0482800778514,33.6167878107962,37.0951023151258,34.8557216075291
1,38,"arima",100,15.2223514795177,NA,14.7655298583526,14.6960005002602,14.4213243869729,15.154227387572,14.6367342166102
1,39,"arima",100,10.3319239200181,NA,8.31101565907518,9.91177071979436,9.43243696224874,10.0108251470534,9.43546486367348
1,40,"arima",100,5.27826840109125,NA,5.01810328154455,4.87177804090889,3.91880429684713,5.09649936642806,4.71167674487113
1,41,"arima",100,18.0306186262448,NA,11.8771418984186,16.6014611828254,14.7892191216585,16.5106945954241,14.8398942757307
1,42,"arima",100,1.6925675369547,NA,1.57109372679476,1.52096978748937,1.28228064589935,1.57864396492922,1.44729738239031
1,43,"arima",100,3.83553833396942,NA,2.92001919569817,3.36631837158246,3.30788184987436,3.52112175160626,3.02182678272849
1,44,"arima",100,9.33199690062842,NA,14.6492139185412,10.3993413896702,10.7156269502738,9.99776347907928,12.0793760374726
1,45,"arima",100,50.6713046579858,NA,59.7447705795988,51.6143208116037,54.6059734393707,51.9164205811619,53.8522982638537
1,46,"arima",100,1.4965778103312,NA,2.2383920794235,1.54925449190045,2.04430392317136,1.46996141730837,1.71778173173929
1,47,"arima",100,7.02558138579856,NA,3.48153257285215,6.05616586688686,4.76313472509641,6.17516407994879,5.12852786005591
1,48,"arima",100,2.67739551625977,NA,1.0277654624049,1.98074509052931,1.11008092788108,1.98656877698763,1.46658107634771
1,49,"arima",100,1.44602722197483,NA,0.911921896597275,1.19072985819891,1.35297152880576,0.953329794755369,1.09172013546309
2,1,"ets",100,43.1269817600684,NA,32.0033487811078,39.9211071218014,34.2040320418363,39.8859845396735,35.2274112799103
2,2,"ets",100,13.0451633518076,NA,7.13954698764962,10.8455268506201,7.47877577463654,10.8630958998387,8.1791086065782
2,3,"ets",100,7.26654550619869,NA,13.0216041356674,8.13979323169998,11.2636150329071,8.07448099021563,10.6026252251172
2,4,"ets",100,3.76895914638167,NA,5.1898918622733,4.28899495308194,9.98080643947009,4.09047190437705,7.46752043262459
2,5,"ets",100,13.4802454762156,NA,12.6246517525762,12.9420223144943,11.3817984197391,13.0374526769253,11.973619313526
2,6,"ets",100,15.313530878514,NA,16.5076820749647,15.9470061527607,18.4503739189071,15.8454189541619,17.4538468398867
2,7,"ets",100,0.795584700783584,NA,1.06581624282387,0.700148569614588,0.412093872521931,0.733739840784642,0.551044441202686
2,8,"ets",100,9.35609699091697,NA,5.28985259197971,7.25954709346574,3.57564264041912,7.57057366741116,4.73294294976523
2,9,"ets",100,0.372881269573889,NA,0.304340387568614,0.238531450483043,0.217906856236522,0.262088646933296,0.179978394980537
2,10,"ets",100,20.5092921311789,NA,23.2553431082469,21.378288934264,26.9349985717736,21.660727462398,24.6329189021439
2,11,"ets",100,25.1400319240938,NA,9.09175307168867,18.6702516097269,9.78653872980233,19.1768204736545,11.7093067294223
2,12,"ets",100,12.7769022353122,NA,9.1097843119626,11.2412529396958,8.97427440878823,11.1812174247097,9.41939613012434
2,13,"ets",100,16.7939289908323,NA,22.6929944623934,18.6331979650669,26.2856764255249,18.3000765196767,23.425384771062
2,14,"ets",100,17.8216994306246,NA,27.7019183116416,18.5203760565802,17.8757873870383,18.4087597723825,19.3765261652277
2,15,"ets",100,6.1186957139443,NA,9.28933606144027,6.76855887371584,10.839850123343,6.54321618255702,9.22682676719316
2,16,"ets",100,10.2008481352334,NA,9.21070228708306,9.79469615127715,9.46927223300176,10.1493628434525,9.61341759617855
2,17,"ets",100,5.60283551468298,NA,6.59195427851824,5.42707265533611,4.26324123242549,5.56302996680571,5.02353500693004
2,18,"ets",100,16.5133769842705,NA,15.5723543717848,16.4692806825087,16.8473925680828,16.4668342807707,16.5262487355005
2,19,"ets",100,12.017036657132,NA,6.07125472064142,9.17196873759928,4.58748906009806,9.60477407673556,5.93303949470168
2,20,"ets",100,4.1521423938075,NA,3.34915924735365,4.14512312756207,7.62609992628535,3.96009756492238,5.30075845021801
2,21,"ets",100,78.9404152727219,NA,43.4633222930906,68.3832777420335,53.5196273251509,68.9708922151667,55.092223741294
2,22,"ets",100,42.7100100268763,NA,21.769012756041,34.2052101127508,18.2693849442127,34.7956609414712,23.7280205118071
2,23,"ets",100,15.2422137137848,NA,18.6243052820927,16.7797224035941,25.1530846108445,16.3230061127177,20.9551397074077
2,24,"ets",100,60.1750434988139,NA,49.8123259635895,57.8812796298714,55.3330432356601,58.0877950775241,54.8726452033345
2,25,"ets",100,24.4127972190976,NA,18.9422039780344,23.0012411455486,20.6180037112009,23.0951300875256,20.9647923734816
2,26,"ets",100,7.31731688115076,NA,2.59028088807522,4.82691360598779,3.56625507058992,5.14907545334999,3.49623807269146
2,27,"ets",100,4.57894051970673,NA,5.61591174809111,4.58803897156825,6.74074503188273,4.76507912413919,5.76040424071783
2,28,"ets",100,32.3748090601377,NA,35.6791893944362,31.9427977195797,30.2262367186999,32.0004105711923,31.3042170727799
2,29,"ets",100,11.1397112633627,NA,11.2358210445803,10.7893851982687,9.08036437906278,10.7247095461326,10.0039363945289
2,30,"ets",100,10.1400078729575,NA,8.1105856245562,9.49530665453053,7.92441936912445,9.29514247689235,8.5361397384865
2,31,"ets",100,4.56290372002943,NA,4.21764774092799,4.37221243560974,3.91158925041171,4.4189498912182,4.12878799231279
2,32,"ets",100,16.4905558649486,NA,17.8121154495848,16.7909307193575,17.8379794045421,16.857662417064,17.4814182800019
2,33,"ets",100,3.22996788502748,NA,5.73285098249343,3.44693703154666,4.50925069095439,3.51301079074522,4.20867965957927
2,34,"ets",100,9.24744085858534,NA,8.52942834421199,9.23254498226276,9.60056635022008,9.27788382238331,9.34039351716649
2,35,"ets",100,28.293881812038,NA,23.3301652428368,25.4845360630382,20.1444195739427,26.0878796348353,22.203661644296
2,36,"ets",100,17.3408989520786,NA,18.7912223361632,16.3365230618173,16.121872372058,17.2393211450109,16.3316929934376
2,37,"ets",100,12.0736727935947,NA,15.6180945569858,12.8593327926241,15.5026166851283,12.8523427882253,14.4462329081081
2,38,"ets",100,18.0222092166631,NA,18.588864894003,18.3090500416421,18.3680568483159,18.0232589704728,18.3765868027953
2,39,"ets",100,8.86350245042376,NA,8.69098677297226,8.85589764708815,9.85303714722267,8.87411953523211,9.39168339050191
2,40,"ets",100,4.99975277979628,NA,2.15529685503048,3.82568863344515,2.91013657922604,4.11675299545741,2.98518800254543
2,41,"ets",100,7.92642507719916,NA,5.47049118041809,6.85099442986354,4.72669821650573,6.94267701740529,5.49165505826646
2,42,"ets",100,23.4094391413121,NA,18.4635235528053,21.6850481573824,17.6942773566752,21.6568758394224,19.2817495809633
2,43,"ets",100,10.822905715713,NA,6.45786229309386,7.89344268362558,4.91326223908987,7.74851666760784,5.91030505056145
2,44,"ets",100,77.1310728457266,NA,89.0334063609607,79.3970045172722,85.0950392642694,79.2423118775708,83.1440255307484
2,45,"ets",100,91.7610738080451,NA,86.9871289981564,89.7938674295325,83.7492253523648,89.885767216455,86.6558946927456
2,46,"ets",100,1.06395852380895,NA,3.89373071656683,1.12564010015949,1.58090012564376,1.1372809132016,1.59820226495348
2,47,"ets",100,5.78549598430872,NA,2.76184058736422,4.38970444491008,3.09182806959011,4.76155350590194,3.42083924872292
2,48,"ets",100,1.70460648247007,NA,4.93169571070207,1.69692822446917,3.94088924341422,1.64494005086625,2.81342256302484
2,1,"arima",100,14.4366036558311,NA,19.8457878805829,14.8763836307336,15.492398539038,14.6642757381772,15.706093547339
2,2,"arima",100,2.06045563331228,NA,3.10573979232614,2.1356229239111,2.23721355107397,1.98804706856511,2.2617389916145
2,3,"arima",100,21.1086893641327,NA,19.4705552017031,21.1333147509903,21.4479159890714,21.0784740088085,21.1137558291445
2,4,"arima",100,12.8931913614942,NA,10.191951218272,12.7323858261478,12.9448282178204,12.6393234330695,12.5001515115035
2,5,"arima",100,14.2828656036548,NA,12.1714412129179,13.7378031748816,12.9099112574792,13.8023697760343,13.0446560932757
2,6,"arima",100,19.8947267508419,NA,17.9054692354082,19.6899785752109,19.4925470773467,19.6748249199994,19.351655291033
2,7,"arima",100,1.29954357378312,NA,1.54686802536599,1.20300769200338,1.25811767414426,1.28463144798106,1.26777673317942
2,8,"arima",100,4.40408987766865,NA,3.18057737568402,3.82381636254714,2.84911557013012,3.8411794573011,3.12431715087245
2,9,"arima",100,0.846182190731133,NA,0.456151395512211,0.66803481267484,0.461759915710939,0.688181565969134,0.508006858042105
2,10,"arima",100,7.53125752169562,NA,9.34158283168553,7.74351438824488,9.2993131848938,7.9206907247585,8.84633111955387
2,11,"arima",100,4.66905058476294,NA,4.58364843609293,4.55421683820592,4.37859113793233,4.58615977570215,4.43283205740277
2,12,"arima",100,6.6469208894582,NA,7.01675145832081,6.81544115779265,7.02601690878824,6.67387346865966,6.95834699459665
2,13,"arima",100,25.9240860578446,NA,26.5941790936571,26.5732547888948,28.3718312166492,26.5029645271968,27.676455168547
2,14,"arima",100,16.5032965681802,NA,23.354389021873,16.8960589966827,16.9436874353038,16.7902792101948,17.6269578899098
2,15,"arima",100,5.67066995502149,NA,9.39517833845776,6.41167135739376,8.89197228964111,6.29631904194108,8.21811866911557
2,16,"arima",100,4.30124591778021,NA,4.75368816184879,4.43361335067253,4.74821352262609,4.22648854027546,4.64587960386021
2,17,"arima",100,6.72465479502643,NA,7.634601186247,6.71609770332917,6.69962461317728,6.78572562468298,6.81351977171354
2,18,"arima",100,12.8289425550022,NA,13.7882128176356,13.2287256998632,14.1925968556428,13.1435485143066,13.8886044400991
2,19,"arima",100,4.21857748402777,NA,3.35418341730453,3.96882497079827,3.63256995337162,4.01903591124454,3.69133598490102
2,20,"arima",100,1.74008390709457,NA,1.7355654777507,1.68916910670498,2.05111209806725,1.68820772919617,1.87535535254572
2,21,"arima",100,34.5912127009229,NA,26.3400201292273,32.2029620508128,28.6658546401292,32.5813243618695,29.4167180671092
2,22,"arima",100,13.7500848125443,NA,11.6567865124807,12.4398588605594,10.4796040140084,12.6587802003118,11.2290531726689
2,23,"arima",100,23.7701906458631,NA,23.434959089185,23.8568702539036,24.1554804044399,23.8224605881765,23.9526030604402
2,24,"arima",100,49.177238569267,NA,42.7116113170821,47.4627463414335,44.1841402805438,47.5594171968017,45.1843710358948
2,25,"arima",100,16.4624664961415,NA,14.5981981971596,15.7992384895349,14.7622893044468,15.9683652274938,15.0957817979062
2,26,"arima",100,5.20886668236957,NA,4.31070682931461,4.49158245606649,4.46466829618002,4.78667212730013,4.3033650030078
2,27,"arima",100,3.39876085622421,NA,5.81304419826083,3.50636716291103,4.15554458948656,3.62285977059636,4.13478192525211
2,28,"arima",100,19.0552765911591,NA,22.8759375212915,19.1086914728398,19.2008172441741,19.2510660701233,19.6656370439786
2,29,"arima",100,4.49618259267416,NA,7.03315793537412,4.86091652556166,5.32273281258016,4.6664204517805,5.37526933340541
2,30,"arima",100,8.3165049283057,NA,5.15333178205925,7.46388516003319,6.14511320195899,7.3167023882259,6.48674382626461
2,31,"arima",100,7.39692681855233,NA,6.52810523010801,7.25470898603711,7.12739587370414,7.2879987716308,7.08288792995068
2,32,"arima",100,7.8318643196,NA,8.04608806826007,7.70723261301361,7.54340626949052,7.827299339449,7.74667908772722
2,33,"arima",100,0.453712546061933,NA,0.160100237512756,0.134565864871764,0.0841057624334142,0.16302534985543,0.0581514462157691
2,34,"arima",100,3.52099445398803,NA,4.00349857571724,3.50535041591935,3.5307552268453,3.17762192485207,3.46359653502669
2,35,"arima",100,7.98407071790483,NA,11.274121393875,8.43988740208413,8.82026086538185,7.79581394659869,8.84242651582474
2,36,"arima",100,11.3324881267809,NA,7.10053143773152,9.95546939229633,7.7647854555332,9.82095078234669,8.48207551604429
2,37,"arima",100,31.8693826058452,NA,24.8591584795302,30.8024432908744,29.5560028251765,30.7139735465205,29.2939412967697
2,38,"arima",100,23.8191660461811,NA,21.2284769959671,22.7530972292707,22.0544920894178,23.4116264325431,22.1983847849765
2,39,"arima",100,15.7448953432227,NA,13.1746245072725,14.996739778783,12.4930908961175,15.1932174372231,14.3158886925696
2,40,"arima",100,9.34893989221889,NA,3.76357924856704,6.81466520371344,4.96666067492048,7.45418290458163,5.104068015218
2,41,"arima",100,18.9040522279386,NA,13.8102848154792,17.7730919557089,16.0126356382206,17.7461688702933,16.2864039988311
2,42,"arima",100,3.42260600557628,NA,3.17585921596273,3.10610417029488,2.24068749904277,3.19078553967396,2.92396823628235
2,43,"arima",100,2.37890335764141,NA,3.23315603329944,2.21323959328085,1.41774933836709,2.05719701096967,2.53088850541149
2,44,"arima",100,54.7187368867252,NA,71.4442532975816,56.6167242287298,62.3798491448073,56.8492482074912,60.8816454263747
2,45,"arima",100,56.4203222959376,NA,65.877548123454,56.9025145309795,60.7994455115713,57.4661361912332,58.9915945984291
2,46,"arima",100,1.47997784227799,NA,0.465356742316956,0.782483871529485,0.55568917651453,0.633876297723364,0.520668923595944
2,47,"arima",100,12.582700394533,NA,6.22851213314264,10.7956192719919,8.26485390688133,11.0184026856457,9.09898783626577
2,48,"arima",100,4.33033849324807,NA,0.958506116473206,2.82694871828658,1.67903125637123,2.64520739772284,1.88476745472373
3,1,"ets",100,32.5648907197671,NA,21.7134282860374,29.1372321851276,23.0700642144018,29.2491552295524,24.35946035002
3,2,"ets",100,5.63027253717388,NA,2.35995632646027,4.38956544726582,2.91594093682086,4.45204048671186,3.14293864572614
3,3,"ets",100,5.96318671852842,NA,7.97263249398176,6.71212233217683,13.0991216642258,6.55249944861896,10.3910355042603
3,4,"ets",100,27.9354297414694,NA,26.8132037586387,27.2089016085903,24.9669366553391,27.3130863774314,25.8131054643249
3,5,"ets",100,8.04832733980184,NA,8.94442686943298,8.50082158930893,10.3701634050602,8.42818557940705,9.61706405154084
3,6,"ets",100,19.1245481885095,NA,17.1814842486713,19.3964090891859,22.0371254079604,19.2522660921179,20.4797832469352
3,7,"ets",100,3.12387556327778,NA,1.03260886464738,1.92322669134927,0.886890549483055,1.97320350249509,1.00312393075296
3,8,"ets",100,0.922052461802015,NA,0.905470441205259,0.73740812038723,0.425996586170709,0.750449465863402,0.522155199933144
3,9,"ets",100,5.59076581450597,NA,4.92216309747273,5.1606973884363,6.27144630652217,5.46215665266421,5.67017271785905
3,10,"ets",100,54.9186358473199,NA,29.000981512772,45.5763730245406,29.6577037348361,46.3522042374109,33.4437192170239
3,11,"ets",100,7.99836308103649,NA,3.49351899079959,6.16675147770829,3.83274568687101,6.37990813139839,4.30018419562771
3,12,"ets",100,7.77325141006681,NA,5.77686247717684,6.63951152873042,5.16295245161454,6.74994544893196,5.51489600283832
3,13,"ets",100,46.5665084287667,NA,61.5323871582032,47.7110220348202,46.4951469324063,47.7816020443383,49.0798974944666
3,14,"ets",100,11.4288330332418,NA,15.5917112548295,12.4037993128233,17.3924463429976,12.1067591622531,15.4687028913883
3,15,"ets",100,26.0455578169287,NA,26.215413655501,25.6380226759084,24.2371472407889,25.9769371580451,25.1013849063665
3,16,"ets",100,3.64443393701908,NA,3.66539787065706,3.70894766704834,3.90952080458689,3.64939181255945,3.77196146044902
3,17,"ets",100,3.29439108718233,NA,3.38806731695197,3.27959836688605,3.07725590731944,3.30782158980186,3.22183062212333
3,18,"ets",100,31.5369108622715,NA,22.0305389227663,27.4844264285763,20.4008819976402,28.3776185943391,22.6057307432661
3,19,"ets",100,3.52421566753794,NA,4.04366788433705,2.99232397540477,3.76567477851077,2.92681264501264,2.95645088076238
3,20,"ets",100,45.523318142995,NA,19.2397982379586,37.3863835740762,26.9703214204317,37.7386226371801,27.9764054070267
3,21,"ets",100,77.62911208254,NA,46.6944079226979,66.209990494609,42.8893677789539,67.3913155745604,51.1617125540024
3,22,"ets",100,17.6020670259385,NA,13.2253484427133,15.3972861774281,10.6967608197055,15.9216003945899,12.6303908324231
3,23,"ets",100,45.0856986867722,NA,36.0240418643486,43.0579843672181,40.7462629136813,43.1645289164729,40.335812637861
3,24,"ets",100,71.8500222144447,NA,62.9217865675392,69.6087402429842,65.4664500018599,69.7150875162902,66.1079636153199
3,25,"ets",100,31.8885274048516,NA,17.4891808943319,26.2304338443244,15.4774328881896,26.8812961593803,18.9839498278914
3,26,"ets",100,6.24310377352452,NA,4.755172386289,5.45892449297866,6.56765397865162,6.07807939004024,5.92764084762844
3,27,"ets",100,17.0769803433275,NA,19.4687141771784,16.7291009739931,15.6029627156315,16.7903267067938,16.3045183939237
3,28,"ets",100,31.6229209351898,NA,30.8645924205764,30.7014222822362,26.8256701396547,30.8385071865359,28.9420061071901
3,29,"ets",100,5.28465138704534,NA,7.06909413978724,5.705874911362,7.30268157887202,5.40351182705227,6.57569257452775
3,30,"ets",100,2.47549655054087,NA,2.26823256298973,2.36517796754954,2.09920329487403,2.36575353480685,2.22047317817406
3,31,"ets",100,5.76195868475684,NA,5.39683434802693,5.60579029505937,5.45221206235727,5.67215210714171,5.50181673279893
3,32,"ets",100,18.1365835328608,NA,21.9135652090282,18.452261052131,20.3970878346364,18.7902047725542,19.8125137311077
3,33,"ets",100,11.1305600827273,NA,10.267587893084,11.1548884320395,11.6181081196161,11.1801275366962,11.2910688945127
3,34,"ets",100,29.076904043973,NA,23.5926423800017,26.1714492916059,20.5133995384089,26.6759841949502,22.6750468485758
3,35,"ets",100,35.0018070768091,NA,32.8021430360452,33.3694041979613,33.2782712113493,34.83512329667,33.1868854417776
3,36,"ets",100,2.83777892534389,NA,2.75661094459775,2.6096036920599,2.64737271161701,2.7247886141713,2.60310355527488
3,37,"ets",100,21.2352321641462,NA,22.3347914210668,21.0770527011607,20.8546813610029,21.0661912252349,20.8692059930651
3,38,"ets",100,38.4849846154205,NA,36.658283592291,37.6382744813089,36.2961332499919,37.8004157065569,36.8745183559474
3,39,"ets",100,15.5907432022478,NA,7.95676265318863,13.6278399806857,11.5282167691877,14.1001468286189,11.7294130760546
3,40,"ets",100,8.05291277030287,NA,7.34373370487781,7.5157066554227,7.00659936021975,7.58416928920281,7.09499271330829
3,41,"ets",100,1.92273717921001,NA,1.73409264554277,1.64239025738905,1.80765394774783,1.54620998748752,1.67047395084857
3,42,"ets",100,19.3114384247834,NA,14.5177448692578,16.1504545713447,11.740938940778,15.8169359083502,13.493878801951
3,43,"ets",100,26.4770197146005,NA,33.3912360740084,27.7230007833171,30.6699332010096,27.5736981506831,29.7410312493719
3,44,"ets",100,105.299079692794,NA,100.022873221073,103.183003967145,96.9722610096612,103.330530371745,99.8940959579972
3,45,"ets",100,74.5154471915719,NA,94.6043630222861,76.6084860529944,80.1575000417009,76.6746417067413,80.2630710921254
3,46,"ets",100,1.79280766440276,NA,4.6029881617625,1.65468252196216,3.00026205897152,1.78038355742584,2.43122976065995
3,47,"ets",100,2.94196498862936,NA,2.35900932574854,1.90414660808642,1.58925081060833,2.13300694548662,1.59326969472591
3,1,"arima",100,6.53144819593754,NA,10.0057710292576,6.77809756221616,7.2361827553574,6.62485849504471,7.33970150343812
3,2,"arima",100,1.63008646651852,NA,1.44636233106754,1.64406794114407,1.6562979335692,1.55158102625881,1.6173036036607
3,3,"arima",100,23.5042558981401,NA,17.9843963963045,22.775764321744,22.2896446449353,22.8044676336871,21.8726063523728
3,4,"arima",100,29.6752327417403,NA,25.9803748529769,28.8259577744068,27.60584162952,28.9358217588511,27.7318796544473
3,5,"arima",100,12.7776543153175,NA,10.8522508518981,12.5083845282189,12.2364999438046,12.5126910681113,12.1248251880197
3,6,"arima",100,21.4944138641092,NA,17.7574434725311,20.8459497205798,20.0020573672393,20.8797184957304,19.9551574443536
3,7,"arima",100,1.5556415097789,NA,1.24961129956042,1.39025888432405,1.29879841420467,1.45149217794849,1.31180387234036
3,8,"arima",100,1.51909138210989,NA,0.821710614191303,1.24883227904169,0.880089158096826,1.23629591304922,0.958570103599933
3,9,"arima",100,3.27137402351696,NA,2.13368168043216,2.84962929212882,2.41419804200385,2.96400656832156,2.48829535981183
3,10,"arima",100,11.488130204492,NA,13.1093589116462,11.8969882444018,13.0768337562377,11.9215904755885,12.7411151560234
3,11,"arima",100,2.49499534431408,NA,2.32610256926839,2.29663514423514,2.31522736010089,2.40794295561887,2.29463781373059
3,12,"arima",100,5.33217339354667,NA,5.45394169391378,5.39737458895653,5.4118914337081,5.33433174198188,5.41477345671837
3,13,"arima",100,41.8302304953533,NA,50.8828828987029,42.6895033907573,43.5647880581134,42.6532819361701,44.1661120021131
3,14,"arima",100,11.5441149696784,NA,15.9603723655435,12.3947170986063,14.2294339344313,12.2298212535374,13.8953577925784
3,15,"arima",100,12.7407556731606,NA,17.3742037369708,13.8271546659998,16.6048371945629,13.7132051231618,15.8990526953349
3,16,"arima",100,2.85704539254559,NA,2.66929466028979,2.86594593413134,2.82490393222544,2.79854566812149,2.82468424814483
3,17,"arima",100,6.97937520942781,NA,6.42656560552616,6.72745828814024,6.18740090947106,6.71271204265376,6.3500743261302
3,18,"arima",100,16.9134199433977,NA,16.7662441112869,17.0077528420103,17.4239673271041,17.0298574794693,17.2352359412028
3,19,"arima",100,2.75189718791579,NA,2.98274590965267,2.69520371117047,2.47798838248175,2.65361717134459,2.58052373931591
3,20,"arima",100,8.56034165324107,NA,6.5556366548621,7.89490720507589,6.85919680521191,7.95936158054074,7.14448574312091
3,21,"arima",100,24.4918026879252,NA,23.321586192197,23.2235671711989,20.9365139575381,23.5114800475942,22.0745757331555
3,22,"arima",100,5.75751853852288,NA,6.69878256417751,5.90750761135294,6.01786786577591,5.81619152168699,6.06337140560725
3,23,"arima",100,38.4001724996418,NA,31.8889734169885,36.5067534178659,33.672507457997,36.9082022554205,34.3219616325214
3,24,"arima",100,52.0813221697158,NA,49.6256176745581,51.233473499699,49.5137729706956,51.38020976339,50.2109634414817
3,25,"arima",100,17.7620064215739,NA,12.9388643967119,16.1966561725494,14.1570736561571,16.5248608903846,14.5603083315767
3,26,"arima",100,5.53999419936619,NA,5.87535613456051,5.25409708830902,5.40523090984263,5.52423508331611,5.37958117367293
3,27,"arima",100,6.24175621524782,NA,8.4115471790356,6.24900946581279,6.40666561382563,6.36086091666419,6.62473347251369
3,28,"arima",100,17.2634013470616,NA,23.1097322194978,17.9054198195679,19.1043528118139,17.8754146634127,19.2084680481589
3,29,"arima",100,2.02681918511641,NA,3.98495192462261,2.26871121021584,2.9233197295251,2.00433657235177,2.86765028716013
3,30,"arima",100,6.31046168579651,NA,5.51416191922928,6.21947565334596,6.09300559928324,6.19137984089583,6.04638141593057
3,31,"arima",100,8.08620390152757,NA,6.87247478476155,7.91555815131799,7.81789458442481,7.93929953120536,7.70068521228717
3,32,"arima",100,6.85616594549891,NA,7.2488213042394,6.39733924802329,6.27426776703027,6.76451262693207,6.50970956548409
3,33,"arima",100,0.951768825539284,NA,1.51078673026908,0.739490576436236,0.786132665240306,0.614440630024667,0.772926688242732
3,34,"arima",100,5.37570053248095,NA,7.852936503692,5.42805441978273,5.68279081743081,4.82252206086428,5.64062418944957
3,35,"arima",100,13.1530042229948,NA,11.6465020092731,12.4480676874144,11.1049773379846,11.6838240449526,11.6693174869157
3,36,"arima",100,9.06746010041388,NA,4.47728059967611,8.08534102198606,7.11163775215807,8.00236200447333,6.98960818369265
3,37,"arima",100,48.7767335714415,NA,38.6787634802961,46.7982051060693,44.296495827854,46.9386290560741,44.2296035716627
3,38,"arima",100,31.8843733581947,NA,29.7315665875978,30.099768200383,26.9277109358312,31.1685897362895,29.2058714545709
3,39,"arima",100,25.3562370909591,NA,13.7885108920604,21.1550822734226,17.4620094491634,22.2512364536539,17.6375893371884
3,40,"arima",100,12.2375024548818,NA,8.41656783950135,10.7511325031687,9.09591201122678,11.2155588284322,9.50359136475435
3,41,"arima",100,13.2317709796707,NA,12.2650300581816,13.3603647099112,12.175613221559,13.0419404661552,13.2226387214403
3,42,"arima",100,6.55105581633093,NA,7.76203845798626,6.69781575897859,5.25377530852357,6.39098346811515,7.06468769500429
3,43,"arima",100,13.6931226081847,NA,21.7048994739026,14.4346958777134,17.9254315935282,14.3900211154403,16.6798859065306
3,44,"arima",100,59.0152651864146,NA,73.9918210486946,60.3369632962799,66.5440075070871,60.772856381807,63.964486441733
3,45,"arima",100,43.3730108377386,NA,61.3177335051598,45.0355237305269,50.9728076334019,45.4480430001193,49.6298800836525
3,46,"arima",100,3.1771054160034,NA,0.887104358512516,2.25777608045495,1.29142897179598,2.15997984509957,1.59998918539148
3,47,"arima",100,14.3404502141111,NA,4.6325868607671,11.4347486962708,8.43918721987421,11.6900814054724,8.96306852351324
4,1,"ets",100,18.577041617319,NA,10.4822697200928,16.3035605424024,12.7610661197551,16.4408641531783,13.3311381150566
4,2,"ets",100,7.0189058508433,NA,4.75453920782318,5.35390195795684,3.10057664312548,5.37166986832015,3.60830851955394
4,3,"ets",100,34.4736839257041,NA,33.3231700703801,33.7223713779276,31.3356573777571,33.7947088493923,32.2253936526012
4,4,"ets",100,20.2377226006897,NA,21.6142177360958,20.9551659997595,23.7439337242002,20.8583348510367,22.6468829478919
4,5,"ets",100,11.0621466692887,NA,9.58254801064105,11.2604592601354,13.3015154572185,11.1565076358707,12.0882739175267
4,6,"ets",100,42.6341067797267,NA,33.9447038853447,38.5890172943577,28.6387951116178,39.1190321674787,32.1047970679825
4,7,"ets",100,1.15742513671699,NA,1.11986415329904,1.23136712673551,2.2582360607222,1.21217339242888,1.75057286837312
4,8,"ets",100,2.87882683260291,NA,2.17621523303072,2.40819060259237,3.14086653974641,2.61989731715725,2.69295595226542
4,9,"ets",100,18.3571882194783,NA,4.44296029205023,12.5865156268208,5.63887576529643,13.0255229917874,6.96756881920708
4,10,"ets",100,26.1498394987907,NA,16.030868489598,22.8314794861218,17.0345930010824,23.1717829019787,18.3213469854103
4,11,"ets",100,6.08961776082616,NA,4.13745340424763,4.93288698783443,3.43183599631967,5.04887025443148,3.82921345860367
4,12,"ets",100,7.34952667472965,NA,9.64086158707037,6.85851177494239,6.78912095176275,7.21460466091357,7.07410478907253
4,13,"ets",100,29.0330544166492,NA,37.4575877576182,31.549354683379,41.2735584730189,31.0348345982485,37.6512869871711
4,14,"ets",100,35.4671017764163,NA,35.4797119974568,34.9738297033394,33.3925188247749,35.4073541691538,34.3691549588601
4,15,"ets",100,10.6395325363718,NA,12.5343886316061,10.4934690307604,8.8881682938323,10.5754699127003,9.93976907073489
4,16,"ets",100,8.33529521002296,NA,7.76588949299542,8.3337291149196,8.56172438704434,8.3188171118028,8.3661971866363
4,17,"ets",100,6.49197707470821,NA,3.66286344159568,5.15778419536991,6.31830912560689,5.37893281857281,5.23677280902148
4,18,"ets",100,18.0600795876383,NA,20.0411717905234,17.2773218085399,16.0800386627204,17.2028791219528,16.3813415017966
4,19,"ets",100,25.9005979583515,NA,7.52754876327669,19.4699260040646,12.0496967884,19.7371015965858,12.7616959567411
4,20,"ets",100,45.9749888693376,NA,22.1241500896209,36.9575633077175,21.4455637517246,37.8666397951067,26.4585445553893
4,21,"ets",100,34.47488382316,NA,27.7713503479439,31.1421204239006,22.4730295091568,31.7844094772561,26.1702439631966
4,22,"ets",100,9.02286891881234,NA,9.03900157912759,8.83703308986203,9.01520836312847,9.01462779333032,9.06768429754051
4,23,"ets",100,59.9881861333766,NA,51.4692568508825,57.8104995335376,53.9594786178077,57.9732152165908,54.5413253719323
4,24,"ets",100,82.3799114235185,NA,60.304097766238,74.1915162139377,54.9511359536215,74.936191294181,61.7562775347131
4,25,"ets",100,11.7581854178205,NA,7.71488795536262,10.085654339832,7.25593539888111,10.6138414876332,8.37603438828254
4,26,"ets",100,12.8387137221911,NA,14.0987451245703,12.3747143705812,11.5379554060473,12.6069751209723,12.0352111578879
4,27,"ets",100,17.419445397777,NA,16.8071345661425,16.7534279292496,14.2914863171606,16.8106531372121,15.5839666858613
4,28,"ets",100,13.9272480359717,NA,19.1417512096039,15.1999624902877,19.6279236228237,14.944471908318,17.7060430642397
4,29,"ets",100,5.20650249269827,NA,5.60829531577595,5.44123150061146,6.47145986778468,5.4063696723173,5.93127139193691
4,30,"ets",100,2.42604164393772,NA,2.33902687197445,2.38732160959215,2.42290185057578,2.3991222113337,2.41242713247882
4,31,"ets",100,4.29645825317454,NA,4.22627402941531,3.98484267530312,4.16681568184134,4.23635078233363,4.10827479225889
4,32,"ets",100,21.7140799272472,NA,20.6297251017345,21.8297792391669,22.5745167879031,21.7956963977778,22.0565276005331
4,33,"ets",100,32.4721699991927,NA,26.1956995225498,29.2501528988306,22.4959718665389,29.6175133405533,25.0993664709777
4,34,"ets",100,30.1049261603729,NA,27.2899904193191,28.6260916917391,28.564019662833,29.9451455607868,28.4698603373548
4,35,"ets",100,16.0353358269875,NA,14.2764722485776,15.2308523942583,14.0133515579115,15.5307483282282,14.4528410464948
4,36,"ets",100,2.15497235278183,NA,2.34666892886794,2.06305623591763,2.00664448163926,2.1061950764363,2.00827880859898
4,37,"ets",100,15.9837734932384,NA,17.6444434835264,17.0144093094082,20.6306510497156,16.9529015569686,19.0997918024673
4,38,"ets",100,25.9324647834156,NA,23.5315274998566,24.3243610171745,23.5575721856632,25.1865429390736,23.5650728509294
4,39,"ets",100,17.6683747587713,NA,15.2780396841829,16.5080646290367,14.3906539466369,16.670835355227,15.0851708659415
4,40,"ets",100,20.0398882415743,NA,17.5462080757576,19.2366960862856,17.6152264923546,19.0561218983704,18.2109476778377
4,41,"ets",100,6.32703580493998,NA,11.6114113462632,6.62690166753289,12.2122493743868,6.15260777743023,9.83073541413017
4,42,"ets",100,29.1066264472932,NA,35.8801315488892,30.3328096406003,32.9408242593637,30.0896704014282,32.1875706904319
4,43,"ets",100,42.9599767341448,NA,39.5916880699781,41.6315069123929,38.2308640801544,41.7468884174003,39.7394962914184
4,44,"ets",100,85.8324971165813,NA,108.045023570226,88.2175566889538,92.0538324520644,88.1578834743289,92.1642463003054
4,45,"ets",100,74.3923582068616,NA,97.6356369966107,77.6286474429477,86.9696094641932,77.7386081147914,83.8447196395039
4,46,"ets",100,3.13372064551479,NA,8.16871018880124,3.50921880432635,6.79788808681272,3.48061393053291,5.23924111212568
4,1,"arima",100,2.43023370661016,NA,3.83308089337925,2.55950520062456,2.78421151049296,2.48251359982961,2.81218592539629
4,2,"arima",100,1.8531678962835,NA,1.39214106369656,1.75218237822016,1.70187920709357,1.58164437952561,1.64400720401492
4,3,"arima",100,37.5621412606,NA,33.1686750955142,36.5946908599704,35.3008445805027,36.7490665406473,35.379434225706
4,4,"arima",100,28.6070791487694,NA,25.4718968914719,28.1456815189269,27.6059303202022,28.1760155169037,27.4850234475403
4,5,"arima",100,13.5309709434702,NA,10.4078241879698,12.930792600908,12.1978399939182,12.9746079785088,12.1580513522514
4,6,"arima",100,26.6411675382314,NA,24.1247589375697,26.003345445459,24.9242861382244,26.0453978913768,25.0935408007929
4,7,"arima",100,1.25965301247089,NA,1.2696518680543,1.10762917722618,1.20988943604547,1.19740997712502,1.17883153925414
4,8,"arima",100,2.39136321075534,NA,1.56056875221527,2.17192611495143,1.89576459155262,2.19748946583385,1.92408044960573
4,9,"arima",100,0.654285609154761,NA,0.250931584770021,0.402888664064163,0.293106582371707,0.461782952736709,0.303355472213633
4,10,"arima",100,7.23216316093645,NA,8.95237709987707,7.60086599226058,8.8791393601392,7.65750461728662,8.52755352695752
4,11,"arima",100,3.20096141878034,NA,2.97629630084653,3.07550899230504,2.99891246687247,3.1453340731494,3.01086155821443
4,12,"arima",100,5.94543557105655,NA,6.65510198084038,5.6731917863909,5.79112702842041,5.92768749856502,5.8064750912999
4,13,"arima",100,37.6064908603094,NA,44.0828031281121,38.6654523469358,40.5452734757305,38.5914413800345,40.431863455725
4,14,"arima",100,16.6649045732628,NA,22.5042826391933,17.9571989243304,20.976693334385,17.7570623862735,20.2835850864647
4,15,"arima",100,8.84543312090616,NA,10.4014116714221,9.08844215341535,9.53355517261978,9.07809966688434,9.50545648146287
4,16,"arima",100,4.00039703571071,NA,4.36190809043049,4.05135539604407,4.26130054122337,4.0956035358348,4.21415758817911
4,17,"arima",100,7.21321184144291,NA,6.96166862120567,7.02783055310678,6.58701015941792,7.02389269794853,6.74911776775738
4,18,"arima",100,15.6849203133571,NA,16.8359750177541,15.9443446304247,16.0907123845788,15.7719109217773,16.1208024035753
4,19,"arima",100,0.55910454222273,NA,0.38204943373373,0.464132922171259,0.324384143623179,0.475664740154365,0.383728195615759
4,20,"arima",100,5.56861030326686,NA,5.58101110241677,5.14612891797572,4.48338098047559,5.2361646588127,4.89345015806185
4,21,"arima",100,14.9226554118001,NA,17.3672421087399,15.2760170916907,15.7704691486071,15.2309492366124,15.8473594907228
4,22,"arima",100,2.94754924917458,NA,4.20640901126104,3.18740094704504,3.61114534255022,3.0009966637349,3.55816675507828
4,23,"arima",100,42.8784178480176,NA,41.3664679370169,42.2500572515837,41.1404752515115,42.4346947734887,41.5641536772497
4,24,"arima",100,53.1834929208892,NA,46.8389177389958,51.4228433997343,48.3615047523045,51.6157872806845,49.1828979485296
4,25,"arima",100,12.5620738720279,NA,9.47042906221154,11.8435590629941,11.0393109664071,12.0138656042522,11.0623690307647
4,26,"arima",100,5.5170677427116,NA,6.10857352415809,5.28205097102142,5.288877788431,5.52532460355905,5.41199688109301
4,27,"arima",100,5.88216988475115,NA,9.5402712773898,6.19491937488622,7.02531960046935,6.23874557028079,7.05729737305272
4,28,"arima",100,11.9411391836731,NA,18.1695237721586,12.9097853533972,15.1597132671787,12.7753677474745,14.7791205669368
4,29,"arima",100,1.75191315599068,NA,2.06906083999093,1.81304002335569,1.88816791224403,1.78701926191271,1.8960264230543
4,30,"arima",100,6.44851640965706,NA,5.51975000179919,6.36743372103072,6.31750614687442,6.32831860907666,6.19432019857275
4,31,"arima",100,8.26462177075921,NA,5.2668261006387,7.6614776021941,7.26843742970964,7.79885189590487,7.09068632449152
4,32,"arima",100,4.55470842840076,NA,6.08618588670979,4.11724788546904,4.43424463679993,4.48372266776025,4.53582169107583
4,33,"arima",100,2.23560679158099,NA,4.78359114620848,1.95614118566362,2.25637931581717,1.66640975439952,2.28985242534184
4,34,"arima",100,8.37111532729945,NA,6.72376207634552,7.34307767627447,6.18345071132535,6.79948148987456,6.53217496939571
4,35,"arima",100,8.57625283658714,NA,6.60239456255659,8.22755540770913,7.73761963359218,7.65912302609337,7.61537931562625
4,36,"arima",100,15.6707195644972,NA,9.97856246046095,14.4179078172014,12.9902968208079,14.49398802907,12.9629512602761
4,37,"arima",100,50.6920338929696,NA,39.8909956851089,48.3588637510817,43.5763137728207,48.4465491217714,45.2895989184694
4,38,"arima",100,32.6795945814979,NA,26.166765406852,28.1978028018421,25.9738661560103,30.4585219848838,26.0463281233865
4,39,"arima",100,29.1679659383643,NA,21.978815489379,26.818556535785,24.1469521604095,27.5321616155335,24.5590346428991
4,40,"arima",100,10.7335139317999,NA,9.13656499001167,10.1571875545107,7.93025412976088,10.2892076790479,9.60056791774707
4,41,"arima",100,21.9048300001948,NA,28.3220644332233,23.3536362872824,23.6125848956205,22.851273737722,25.2960157604172
4,42,"arima",100,16.7524189937236,NA,24.0936362026312,17.6105373399572,21.2090475216839,17.2484726082453,19.7923786251176
4,43,"arima",100,15.4726813239316,NA,23.628103665992,16.1612674128876,20.4069402641456,16.1523024976689,18.4169368374866
4,44,"arima",100,49.577592882566,NA,70.2165432314313,51.8169187684272,59.0580347218974,52.0112769212027,57.2700937704975
4,45,"arima",100,38.3425450453153,NA,52.5138975066561,39.5704377853618,43.9387132207795,39.9597297439349,43.0923721111772
4,46,"arima",100,3.86455559634394,NA,0.618375154559506,2.289607562655,1.32661938566505,2.08916970712894,1.41459280612121
