"h","fmethod","sampleSize","mseBase","mseMintSample","mseCombMintShr","mseBayesDiag","mseBayesSample","mseBayesGlasso","mseBayesShr"
1,"ets",100,9.0944702680426,NA,6.74563359526617,9.28690237806806,8.5517011488775,6.48398823786806,8.81965689687294
1,"ets",100,19.6749146343804,NA,13.0877531607667,15.5802648035411,15.0662067276413,20.332648731858,14.916299053174
1,"ets",100,2.37791207830138,NA,4.93808719418602,3.57956700813245,3.69404924318832,1.40018326323435,3.83663139768212
1,"ets",100,4.36548366242487,NA,8.8297573181801,6.45295778500145,6.62359597038113,3.43641358830179,6.76077774612923
1,"ets",100,1.24067999009613,NA,0.934978345874905,1.29768295251676,1.00770356793098,0.814522926188634,1.15756968661453
1,"ets",100,22.4266666653482,NA,21.3877867021207,21.0573874873745,21.2841078213003,23.6146504829095,21.1117294477832
1,"ets",100,2.156074871334,NA,1.68318544543376,1.62119801059157,1.73908599246737,2.52214408140912,1.67686464019086
1,"ets",100,1.32630440386173,NA,1.07682629590598,1.42056106661353,1.25699150137628,1.00158799959784,1.32384163151373
1,"ets",100,7.19103951624885,NA,3.7786133273371,3.95213118933878,4.18832516772206,9.08853845199455,3.89891813308731
1,"ets",100,9.37012767397024,NA,9.63832046299776,10.6276600433335,10.2256271559078,7.58735573946312,10.4973054984666
1,"ets",100,12.2199598436592,NA,11.8616852579492,12.0293042783445,11.8125159763571,11.691998545449,12.0980558948001
1,"ets",100,29.1204153532542,NA,14.4212695981541,17.9600839767351,17.422686583433,32.3573061410352,16.9878859172909
1,"ets",100,11.5617418383187,NA,18.8259438253948,15.7716180402376,15.9363628366969,9.64006452844101,16.2345471651118
1,"ets",100,2.65178815191638,NA,4.43217605970483,4.03339361131806,3.98373471727217,1.44304163188172,4.17459238478836
1,"ets",100,12.5934409093806,NA,20.755406198265,14.3570430116777,15.2765667235232,14.0284120558378,15.064552831868
1,"ets",100,10.9373659921273,NA,7.96998204740504,8.60855077858916,8.72460003237902,12.1842736271375,8.50027874265454
1,"ets",100,12.581693410703,NA,13.0685782414793,12.221542975265,12.4977395325087,13.6069837726699,12.3749804653391
1,"ets",100,7.36127214496489,NA,6.14413216671865,7.06132256009767,7.05114240990098,6.75183546757669,7.08770281751527
1,"ets",100,3.55385030738289,NA,3.05074580310058,3.48971880758194,3.39562078015894,3.26500156434443,3.43287268890382
1,"ets",100,3.81111039292922,NA,1.0281342738194,1.2176913680593,1.34135156817595,5.54161912720066,1.20517041427889
1,"ets",100,12.653998655639,NA,9.72186683665911,14.2202899156079,12.6906209186127,7.3519496941171,13.4988675340066
1,"ets",100,45.5022197153386,NA,20.3155392300354,29.5128878292306,28.0668751894114,45.9810501116661,27.6559902912113
1,"ets",100,6.81814951031928,NA,8.54003488628994,7.43850967715058,7.65553614109935,4.53935699550609,8.03216553402853
1,"ets",100,26.2310770362152,NA,29.1514847775011,29.9510659404204,29.4926377635934,21.972076921527,30.2727120885959
1,"ets",100,15.0087777833953,NA,9.79735306299338,12.3380436881608,11.9455567560739,14.6885903013818,11.9291834026384
1,"ets",100,4.1882464597024,NA,2.84778034445214,3.43220047183318,3.37623941564861,4.19911633171021,3.36176728609634
1,"ets",100,1.43249851642942,NA,0.925354990977395,0.213296835534226,0.231186009944551,1.52068203153737,0.317077943433326
1,"ets",100,12.9839872428275,NA,15.2577494701661,14.55495242661,14.6298827225699,11.1092692781446,14.9462328141626
1,"ets",100,8.51351354025935,NA,10.4278338901042,8.38275141572583,8.61862815163599,9.2971840198479,8.48113020559845
1,"ets",100,4.22851718133907,NA,4.8500016342644,4.62902069252968,4.44922049595681,4.06229728281729,4.49767804874816
1,"ets",100,6.96409465136365,NA,4.09383101096933,5.13574280553677,5.24735148903674,8.39177883409226,4.98623796824881
1,"ets",100,10.0426728063401,NA,10.2650487556863,10.345638271119,10.239285333685,9.53576760834229,10.3513353535551
1,"ets",100,1.96201972819161,NA,2.57572483636924,2.28526047495886,2.29049950689963,1.75608378871132,2.33469244175983
1,"ets",100,0.878445033785834,NA,2.44970135963258,1.35808217292534,1.35551424505988,0.539177083465034,1.41356143944781
1,"ets",100,9.60394627306627,NA,8.98244756073528,9.48755675201967,9.435643440358,9.2933943359704,9.49219760384764
1,"ets",100,8.50139793702933,NA,5.47872400650237,5.50625768623997,6.17100964896997,11.7191406075829,5.69391816782041
1,"ets",100,36.080219190693,NA,43.6957518179235,35.2365119820073,36.7245989360879,37.6964698188983,36.4646211180949
1,"ets",100,16.2102684431294,NA,14.4203201975975,15.4822821018864,15.380853078652,16.9387832093403,15.2707467093714
1,"ets",100,4.45400204003046,NA,5.08448981432282,4.49786156509734,4.44642997670411,4.40109097914549,4.44600419522833
1,"ets",100,8.01768943612407,NA,6.94751160081953,6.99899376594338,7.15576259328125,9.0084319861323,7.07163764683088
1,"ets",100,13.0752815429154,NA,6.49591387015253,10.3239029122703,9.84019785067013,13.2374274660763,9.75927476789679
1,"ets",100,3.38596709223528,NA,4.09473525028516,3.94086204564097,3.87894977163074,2.83066479628161,3.97715379027362
1,"ets",100,16.0681191151403,NA,11.3042647155544,12.9180253080619,13.1241521024172,18.7026170436341,12.7053490428755
1,"ets",100,5.92917205605902,NA,13.2729573438535,10.2162562310144,9.262411261218,1.61470841882867,10.28331494202
1,"ets",100,65.9174108747204,NA,76.5971134579228,70.5133441901966,70.5035110744427,62.6320119647882,71.0572585396287
1,"ets",100,3.93694866570291,NA,3.02256630207643,3.10950275811771,3.28446314864437,4.96321399688355,3.1207991275041
1,"ets",100,3.57310317480349,NA,1.45132414361979,2.17346931429421,2.16724995115983,3.50899313618895,2.14405807190837
1,"ets",100,1.43601337436464,NA,2.34628426825058,1.02718814348143,1.11081033244626,1.30557305044158,1.15543036879022
1,"ets",100,3.01821692234827,NA,7.72987350556255,4.77199172816239,4.37490144520683,1.28522555782639,4.77016700060897
1,"arima",100,3.44556281449415,NA,5.00694542838543,3.87429573027485,3.98259151446114,3.70177477937353,3.92638058417892
1,"arima",100,8.28673678024882,NA,10.4312103556302,8.86570414270894,9.07317535555286,9.23186736008454,8.8473961847661
1,"arima",100,6.78204118485893,NA,5.81930616051717,6.82237889357647,6.61866661931163,5.4479389512698,6.75799995127818
1,"arima",100,9.72791360627664,NA,9.53871605134904,10.051147382316,9.91661371184653,8.54507060604918,10.0107300531652
1,"arima",100,1.09359446679344,NA,0.821286350729549,1.12556329943159,1.06406760229942,0.599445134076461,1.08285730496173
1,"arima",100,23.9123106538725,NA,21.9048946422433,22.7904064152299,22.7873989536417,24.8093047956979,22.6989286872293
1,"arima",100,2.19823794418683,NA,2.27414661470588,2.09283772213953,2.13261517349619,2.35827059380729,2.14568807866594
1,"arima",100,0.642971864972518,NA,0.438850721848667,0.590895328859505,0.539569271214902,0.566468403529546,0.539422090022528
1,"arima",100,6.4161878194092,NA,5.40863969269989,4.97554215067491,5.55130990933747,8.36838217944304,5.12964606757875
1,"arima",100,6.97738198402566,NA,8.65645613712848,7.97930107810684,7.87282460371331,6.32274159554875,8.02231406029521
1,"arima",100,9.78794223157706,NA,8.83015397350131,8.66789025240185,8.97737761858287,10.7281978657709,8.83285323225089
1,"arima",100,16.9230153936723,NA,15.965349315438,14.9979950346766,15.788915096827,19.5725504693635,15.2280071436411
1,"arima",100,17.3545849953235,NA,17.1716749389789,17.7458147444363,17.5423360347436,16.7694928402087,17.6604672992062
1,"arima",100,2.68750751574739,NA,3.25086945106278,3.55038938731314,3.12470728057935,1.46552129866281,3.42956554607634
1,"arima",100,14.0393394197581,NA,18.8896628040751,14.3400332584992,15.4873017116966,16.3535337655716,14.9336795940783
1,"arima",100,7.53080757736702,NA,5.64178109831795,5.8871071975585,6.27869680895846,9.43432088986566,5.87984244217084
1,"arima",100,10.4159602491391,NA,12.3588974863023,11.4309876522848,11.3792074002274,9.94702275511049,11.472535122217
1,"arima",100,8.04937545937885,NA,7.63198137144031,7.96431300620666,7.92201926576156,7.76161071930048,7.98428275251467
1,"arima",100,1.47851239904865,NA,1.59980050536268,1.71458845300819,1.60438625153624,1.1487663795615,1.68446016590174
1,"arima",100,2.03003158976984,NA,1.17552164147311,1.25343837889692,1.42235278915967,2.67192183105543,1.32079933665063
1,"arima",100,4.91858910864068,NA,4.6151763844193,6.12752179109013,5.17671949905336,2.43404890521623,5.76920322868709
1,"arima",100,27.2057959618346,NA,22.0940280305033,23.9393017937151,24.2285573265687,29.7343999029693,23.871134227693
1,"arima",100,8.36348928820153,NA,9.79128781379191,9.64774407037359,9.36204447581572,6.21075884790297,9.68874699518979
1,"arima",100,25.838840791664,NA,25.9898837957779,26.273704116448,26.2963873008402,25.0879107050118,26.2249538109814
1,"arima",100,12.031374196421,NA,9.51333735192783,10.4769324661682,10.4589671757773,13.6163203687278,10.3588325846272
1,"arima",100,4.08242410364099,NA,3.7254536256574,3.7187840192251,3.97722091736942,4.34360628877229,3.80892477642039
1,"arima",100,0.716860870207874,NA,0.721481869002022,0.447470238396162,0.550509389673812,0.820445749416124,0.506831145959494
1,"arima",100,10.4246726445,NA,13.6983993684282,11.4062996491986,11.6798149491071,10.2982016270746,11.6917507088649
1,"arima",100,4.35111572763222,NA,5.4335790388136,4.47566830681483,4.64461149510558,5.0514931065883,4.53044345541397
1,"arima",100,2.85095156293357,NA,2.82541405471457,3.0713745280275,2.94884923204087,2.6070564265138,2.91424506745535
1,"arima",100,7.96294275508205,NA,4.87937024981596,6.2741567128992,6.2372604227249,9.13957437759445,6.1040164472248
1,"arima",100,6.64589652747294,NA,6.72023012586093,6.58480038025208,6.5858988323555,6.77874874665264,6.62824066057444
1,"arima",100,0.258208052194506,NA,0.251908940301967,0.184741548237459,0.181605463968577,0.249692010610041,0.200540561830996
1,"arima",100,0.960059473207122,NA,0.580858951875316,0.768451543821727,0.704114825235831,0.587844510235035,0.697864046867516
1,"arima",100,5.11336667993435,NA,6.02648417383822,5.71459871879681,5.71362657237997,4.83631535903866,5.51172772036631
1,"arima",100,1.15042205027438,NA,1.98287812444446,1.26815446915613,1.49060616387108,1.56217035128448,1.26857215048968
1,"arima",100,38.8146620033768,NA,32.790717086118,35.2740585635384,35.7320120274023,42.1232225441199,34.8886032284838
1,"arima",100,15.2223514795177,NA,14.7655298583526,14.2755094089991,14.4657815597066,15.6691027482697,14.6385851654939
1,"arima",100,10.3319239200181,NA,8.31101565907518,9.39825149957884,9.1519876487321,10.0873472467711,9.33294738535388
1,"arima",100,5.27826840109125,NA,5.01810328154455,4.55975991879921,4.5211689673838,5.44466021732279,4.78173099542931
1,"arima",100,18.0306186262448,NA,11.8771418984186,15.1851826097591,14.4576144565379,17.4686886642829,14.5143217408349
1,"arima",100,1.6925675369547,NA,1.57109372679476,1.41409030484207,1.43038652058277,1.66488100534309,1.46248321841568
1,"arima",100,3.83553833396942,NA,2.92001919569817,3.01434859545427,3.55502408587988,5.11889828174635,3.05308256659414
1,"arima",100,9.33199690062842,NA,14.6492139185412,12.1225160502102,11.1422596810924,7.0128923420627,12.3186092498936
1,"arima",100,50.6713046579858,NA,59.7447705795988,53.454375005762,55.2343753757144,52.4464787585282,54.4444026496716
1,"arima",100,1.4965778103312,NA,2.2383920794235,1.78689567099873,2.0643410242538,1.72222269035139,1.77617136916132
1,"arima",100,7.02558138579856,NA,3.48153257285215,5.1243674510444,4.56884665364071,6.10380451442532,4.9293475470738
1,"arima",100,2.67739551625977,NA,1.0277654624049,1.52865347795481,1.26243024427208,2.01759707464749,1.41285790593784
1,"arima",100,1.44602722197483,NA,0.911921896597275,1.3060394206137,1.06624607234968,0.706980747027933,1.04129868677884
2,"ets",100,43.1269817600684,NA,32.0033487811078,36.5959781836493,35.8946980571931,44.3436419193928,35.6289269347929
2,"ets",100,13.0451633518076,NA,7.13954698764962,9.0395996567434,8.7322099342315,14.1392663894809,8.56227498794112
2,"ets",100,7.26654550619869,NA,13.0216041356674,9.89528593490139,10.1621905962083,6.22347518482744,10.3147167192223
2,"ets",100,3.76895914638167,NA,5.1898918622733,5.80479717740834,5.3123694489407,1.45603544631478,5.7013768910724
2,"ets",100,13.4802454762156,NA,12.6246517525762,12.4030658699596,12.5850941874201,14.4203107331554,12.4506362590422
2,"ets",100,15.313530878514,NA,16.5076820749647,16.7445085426337,16.537635918441,14.0136818739491,16.7364954432101
2,"ets",100,0.795584700783584,NA,1.06581624282387,0.665294441641888,0.770556060258974,1.09105827693271,0.721946785620869
2,"ets",100,9.35609699091697,NA,5.28985259197971,5.57524458389154,5.97652267438154,11.5513622508193,5.61872327540128
2,"ets",100,0.372881269573889,NA,0.304340387568614,0.213709261033469,0.229302044842014,0.565314524821446,0.218971929044939
2,"ets",100,20.5092921311789,NA,23.2553431082469,22.8255917111602,22.2832355675605,17.4655680736347,22.873730142741
2,"ets",100,25.1400319240938,NA,9.09175307168867,13.4176111071452,13.3762613310564,28.4284146429566,12.8181660623313
2,"ets",100,12.7769022353122,NA,9.1097843119626,10.0722053357384,9.70389314276498,13.3640202287937,9.62667098482511
2,"ets",100,16.7939289908323,NA,22.6929944623934,21.4380108681755,21.2324375923169,13.4340177967099,21.7370646451587
2,"ets",100,17.8216994306246,NA,27.7019183116416,20.1830974975323,21.102805162542,19.4233534580155,20.8779302618841
2,"ets",100,6.1186957139443,NA,9.28933606144027,8.20513744052278,8.1131704678635,4.44735141386657,8.38424111677397
2,"ets",100,10.2008481352334,NA,9.21070228708306,9.46615113400711,9.67631258032992,10.6593166818163,9.6611335909529
2,"ets",100,5.60283551468298,NA,6.59195427851824,5.39428062811841,5.76387865463863,6.61311844795607,5.6094288229448
2,"ets",100,16.5133769842705,NA,15.5723543717848,16.3568870384747,16.240511942137,16.0132553061639,16.2897532928232
2,"ets",100,12.017036657132,NA,6.07125472064142,6.99678704752405,7.30601417436135,15.6175927621562,6.8604976977349
2,"ets",100,4.1521423938075,NA,3.34915924735365,4.58323055891604,3.82966674285148,2.55704460887768,4.18016644481885
2,"ets",100,78.9404152727219,NA,43.4633222930906,57.351266277619,55.0813221139229,79.9565624188439,54.4838568734092
2,"ets",100,42.7100100268763,NA,21.769012756041,26.8845028814081,26.608221066571,49.5736477433712,25.4173756945661
2,"ets",100,15.2422137137848,NA,18.6243052820927,19.0336448561836,18.6854145965535,11.2506225211732,19.2543949438545
2,"ets",100,60.1750434988139,NA,49.8123259635895,55.0147358336113,54.2712443756889,59.766330117771,54.2421766754179
2,"ets",100,24.4127972190976,NA,18.9422039780344,21.3341532797157,20.9907120783219,24.8142187665538,20.873183424316
2,"ets",100,7.31731688115076,NA,2.59028088807522,3.55035408795622,3.53308139719904,8.74408426019062,3.46947024140093
2,"ets",100,4.57894051970673,NA,5.61591174809111,5.14750737485914,5.26119889230835,3.58637833434767,5.43790769669919
2,"ets",100,32.3748090601377,NA,35.6791893944362,31.6769585366744,32.3770712688923,34.0953317763568,32.0704368628173
2,"ets",100,11.1397112633627,NA,11.2358210445803,10.5420006118197,10.5940276349008,12.2828182529138,10.4258171538026
2,"ets",100,10.1400078729575,NA,8.1105856245562,9.0078504066686,8.98240669124288,11.1862187776828,8.76492341730032
2,"ets",100,4.56290372002943,NA,4.21764774092799,4.21142788542532,4.29750282673303,5.00804961268562,4.23176615970567
2,"ets",100,16.4905558649486,NA,17.8121154495848,17.2397717253065,17.2610953813793,16.0118468449588,17.3635945690107
2,"ets",100,3.22996788502748,NA,5.73285098249343,3.97878927558243,4.10963112412838,2.78561811988141,4.19578285273991
2,"ets",100,9.24744085858534,NA,8.52942834421199,9.18344903872529,9.08734191668448,8.85703801394393,9.1590854354408
2,"ets",100,28.293881812038,NA,23.3301652428368,23.2528285408771,24.534792160176,33.698828820151,23.6621843217692
2,"ets",100,17.3408989520786,NA,18.7912223361632,15.6276444884405,16.6670444024949,18.2800424993704,16.5477491756039
2,"ets",100,12.0736727935947,NA,15.6180945569858,13.9449395134216,13.8213618420195,10.5846705405116,14.1211977361899
2,"ets",100,18.0222092166631,NA,18.588864894003,18.6195898176992,18.3554300232109,17.7692240942043,18.3789788229636
2,"ets",100,8.86350245042376,NA,8.69098677297226,9.09702368193654,9.0098725585005,8.45183689029382,9.15962556507919
2,"ets",100,4.99975277979628,NA,2.15529685503048,2.89614461486873,2.94950892201863,5.15173455816797,2.89477150743274
2,"ets",100,7.92642507719916,NA,5.47049118041809,5.87805851405455,6.08034368641848,9.65938977884591,5.83462308311376
2,"ets",100,23.4094391413121,NA,18.4635235528053,20.0943947591911,20.2671148267528,26.2290921220235,19.8193976757925
2,"ets",100,10.822905715713,NA,6.45786229309386,6.70089407773969,6.76075318631251,14.4227941119377,6.50353623561556
2,"ets",100,77.1310728457266,NA,89.0334063609607,82.2244995651439,82.1617643437194,73.5319293888056,82.7717144590837
2,"ets",100,91.7610738080451,NA,86.9871289981564,87.876461136659,88.7208774461093,96.8569754969138,87.8701208330898
2,"ets",100,1.06395852380895,NA,3.89373071656683,1.55772256272705,1.72948573898721,0.920785147942463,1.7381140411556
2,"ets",100,5.78549598430872,NA,2.76184058736422,3.36155113986691,3.62222937958684,6.6888279798112,3.46055499972257
2,"ets",100,1.70460648247007,NA,4.93169571070207,2.42384956943969,2.29579182605741,0.659019164041716,2.55124237962495
2,"arima",100,14.4366036558311,NA,19.8457878805829,15.9491161505893,16.3075969140251,15.756172082575,16.0253199214941
2,"arima",100,2.06045563331228,NA,3.10573979232614,2.43378673695286,2.50818898299707,2.28415086902669,2.34746689546665
2,"arima",100,21.1086893641327,NA,19.4705552017031,21.018826285673,20.7254136080584,19.2305043786517,20.9153639910475
2,"arima",100,12.8931913614942,NA,10.191951218272,12.4557638952147,12.1159311205438,10.7763850183502,12.2545995841025
2,"arima",100,14.2828656036548,NA,12.1714412129179,13.1356253294017,13.1279828268826,15.0259160392333,13.0440050417912
2,"arima",100,19.8947267508419,NA,17.9054692354082,19.3589183636989,19.1324579460912,19.1081432109777,19.2289241064433
2,"arima",100,1.29954357378312,NA,1.54686802536599,1.19107434106199,1.27791339937969,1.33797264498093,1.27976170503528
2,"arima",100,4.40408987766865,NA,3.18057737568402,3.32392206879892,3.58814710118873,5.44159499079034,3.35798014952867
2,"arima",100,0.846182190731133,NA,0.456151395512211,0.538746121742434,0.590441492740485,1.07888028757133,0.546857366842296
2,"arima",100,7.53125752169562,NA,9.34158283168553,8.36500920740697,8.28662440435468,6.52916287920807,8.54234884898254
2,"arima",100,4.66905058476294,NA,4.58364843609293,4.44111832429843,4.52264304643773,4.89626769548069,4.48511809955956
2,"arima",100,6.6469208894582,NA,7.01675145832081,7.01600065159381,6.8508734352276,6.40509970055587,6.9037083074164
2,"arima",100,25.9240860578446,NA,26.5941790936571,27.2741532969926,26.6801125626955,23.9415100513089,27.0984718013516
2,"arima",100,16.5032965681802,NA,23.354389021873,17.968190507396,18.9189398240246,18.1161492722668,18.4748862354911
2,"arima",100,5.67066995502149,NA,9.39517833845776,7.80114757046782,7.29130253795446,3.86744490592909,7.72792044498238
2,"arima",100,4.30124591778021,NA,4.75368816184879,4.72554568750385,4.54585510173943,4.05373340387496,4.58649420124345
2,"arima",100,6.72465479502643,NA,7.634601186247,6.79312353192681,7.02723298704401,7.07738350696324,6.95143061426555
2,"arima",100,12.8289425550022,NA,13.7882128176356,13.7381772571529,13.4875396516589,11.9989185717896,13.6548360709211
2,"arima",100,4.21857748402777,NA,3.35418341730453,3.70760801642463,3.76841690580968,4.45548606479607,3.72422456858202
2,"arima",100,1.74008390709457,NA,1.7355654777507,1.82748782087857,1.70749576152409,1.60837056376942,1.77142984763489
2,"arima",100,34.5912127009229,NA,26.3400201292273,29.7589854853128,29.7654419879873,37.9158356648599,29.4533338537667
2,"arima",100,13.7500848125443,NA,11.6567865124807,11.5013830484649,11.6926928124655,17.8623752334716,11.4362315510909
2,"arima",100,23.7701906458631,NA,23.434959089185,23.9018504157822,23.8685167296309,23.0148457838303,23.886926794284
2,"arima",100,49.177238569267,NA,42.7116113170821,45.6848129047698,45.1931239978829,52.5751105942938,45.1905456238093
2,"arima",100,16.4624664961415,NA,14.5981981971596,15.1724735938197,15.3925373947411,18.1591352567812,15.1599244857637
2,"arima",100,5.20886668236957,NA,4.31070682931461,4.09917368459263,4.67373294016375,5.78963838084319,4.32614459804597
2,"arima",100,3.39876085622421,NA,5.81304419826083,3.95813882586226,4.21108050833619,3.26947940675057,4.21435799846506
2,"arima",100,19.0552765911591,NA,22.8759375212915,19.5902279011737,20.0573368052882,20.7430396262377,19.9394769967565
2,"arima",100,4.49618259267416,NA,7.03315793537412,5.50024449181872,5.52689576251341,4.43641096790334,5.48542348644747
2,"arima",100,8.3165049283057,NA,5.15333178205925,6.8246988833133,6.36689667372397,9.21977187321497,6.44081740171902
2,"arima",100,7.39692681855233,NA,6.52810523010801,7.05817453278028,6.97119694989737,7.18532824918434,7.03134118455059
2,"arima",100,7.8318643196,NA,8.04608806826007,7.66484978508686,7.59973765972914,8.22546586616496,7.76149831565618
2,"arima",100,0.453712546061933,NA,0.160100237512756,0.0472625121074067,0.0257602335783469,0.131448038377793,0.042489238064953
2,"arima",100,3.52099445398803,NA,4.00349857571724,3.77169842079194,3.63216729835092,2.9152149018738,3.49901461304561
2,"arima",100,7.98407071790483,NA,11.274121393875,9.46211627140599,9.74481115242895,7.71455979649097,9.09656184329489
2,"arima",100,11.3324881267809,NA,7.10053143773152,8.89016660440928,8.68468863770584,13.0578142263892,8.45732876170706
2,"arima",100,31.8693826058452,NA,24.8591584795302,29.4490158044889,28.3241188304159,30.3260355538932,28.8963595618428
2,"arima",100,23.8191660461811,NA,21.2284769959671,21.7225468458157,21.8836232334414,24.0955018356766,22.1023780654915
2,"arima",100,15.7448953432227,NA,13.1746245072725,14.1650527409817,13.0431278587747,14.2435346803648,14.2057084316219
2,"arima",100,9.34893989221889,NA,3.76357924856704,4.87163463035684,4.9045299759075,9.11530878189535,4.90683298474272
2,"arima",100,18.9040522279386,NA,13.8102848154792,16.4918741410442,15.7364518081787,18.0923958733399,16.0068876530996
2,"arima",100,3.42260600557628,NA,3.17585921596273,2.94303541182084,3.15825278395519,4.21247482936135,3.03560405393426
2,"arima",100,2.37890335764141,NA,3.23315603329944,2.69455704045806,2.2401229980156,1.98897307063916,2.65375184923491
2,"arima",100,54.7187368867252,NA,71.4442532975816,60.3473234935977,62.9652164371824,56.6224517706732,61.8813008487995
2,"arima",100,56.4203222959376,NA,65.877548123454,58.5596556697241,61.8500732792944,61.0049803379952,59.7564523783411
2,"arima",100,1.47997784227799,NA,0.465356742316956,0.693092589247638,0.468342490344909,0.553357324675667,0.479028300543899
2,"arima",100,12.582700394533,NA,6.22851213314264,9.08907743401418,8.14486886663729,11.0006868998084,8.77165399653368
2,"arima",100,4.33033849324807,NA,0.958506116473206,2.16749405709377,1.53812084499063,2.61201271730146,1.73144308639489
3,"ets",100,32.5648907197671,NA,21.7134282860374,25.7961008397087,25.3609485300449,34.5851072366494,25.0235952720569
3,"ets",100,5.63027253717388,NA,2.35995632646027,3.43237665080154,3.28814000834929,5.98081295007937,3.23181469686712
3,"ets",100,5.96318671852842,NA,7.97263249398176,8.4718549353216,8.07350948948539,3.11394727909287,8.49644086531593
3,"ets",100,27.9354297414694,NA,26.8132037586387,26.4584921191507,26.6789283897009,29.2550661659397,26.4918012635587
3,"ets",100,8.04832733980184,NA,8.94442686943298,9.08996008307243,8.93767811705247,7.07490967626421,9.08483428879201
3,"ets",100,19.1245481885095,NA,17.1814842486713,19.5632302650419,18.9430944015933,17.0977625197951,19.231445434224
3,"ets",100,3.12387556327778,NA,1.03260886464738,1.2873229147089,1.31007907896525,4.11184543306951,1.1957915826364
3,"ets",100,0.922052461802015,NA,0.905470441205259,0.65774658157418,0.745606046559926,1.26695424141688,0.692332874366949
3,"ets",100,5.59076581450597,NA,4.92216309747273,5.15959895169998,5.06224701909383,5.55743098782126,5.2211817966302
3,"ets",100,54.9186358473199,NA,29.000981512772,36.7384462549593,36.4818712065914,60.8275869025839,35.5288260966223
3,"ets",100,7.99836308103649,NA,3.49351899079959,4.67472675642553,4.68228024364375,8.7137256014795,4.53875258834479
3,"ets",100,7.77325141006681,NA,5.77686247717684,5.94558831486248,5.83509976926104,8.88968711168,5.78240933187199
3,"ets",100,46.5665084287667,NA,61.5323871582032,50.2025822699665,51.9352139010246,49.5841320930303,51.539378015041
3,"ets",100,11.4288330332418,NA,15.5917112548295,14.2221572482657,14.1196775727922,9.26758530389988,14.4505956113892
3,"ets",100,26.0455578169287,NA,26.215413655501,25.3886828425734,25.8289314815333,27.5010880492846,25.6709146972215
3,"ets",100,3.64443393701908,NA,3.66539787065706,3.81564418186764,3.63109881452801,3.42222588650281,3.68831588669843
3,"ets",100,3.29439108718233,NA,3.38806731695197,3.28177596098874,3.34049275554611,3.39434408320211,3.31691530370559
3,"ets",100,31.5369108622715,NA,22.0305389227663,24.026437364066,24.49530135362,36.8766612804343,23.8909855201383
3,"ets",100,3.52421566753794,NA,4.04366788433705,3.05822747793796,2.90963272557284,4.48171100125102,2.91936313984302
3,"ets",100,45.523318142995,NA,19.2397982379586,29.5506368242424,27.848428895441,45.7003425801013,27.4424597621516
3,"ets",100,77.62911208254,NA,46.6944079226979,55.426749086041,55.4057773190985,87.6470711472183,53.5480660058564
3,"ets",100,17.6020670259385,NA,13.2253484427133,13.5818071841979,13.7408135874323,21.2367075212343,13.4824082669045
3,"ets",100,45.0856986867722,NA,36.0240418643486,40.5271020918418,39.8154270212354,44.6352559863751,39.7832142136346
3,"ets",100,71.8500222144447,NA,62.9217865675392,66.8206403066467,66.2054682126451,72.5727297097694,65.9942717728654
3,"ets",100,31.8885274048516,NA,17.4891808943319,21.0856974479985,21.0092183030604,37.4056568418446,20.1977945086344
3,"ets",100,6.24310377352452,NA,4.755172386289,5.16573408696193,5.55435015678572,6.14904544691517,5.63641280898672
3,"ets",100,17.0769803433275,NA,19.4687141771784,16.5254758417354,17.0545186385251,18.3183135924763,16.830723912401
3,"ets",100,31.6229209351898,NA,30.8645924205764,29.86238226808,30.21368869239,34.0315773353788,29.8270596916962
3,"ets",100,5.28465138704534,NA,7.06909413978724,6.4617535258665,6.231981361365,4.45938205565843,6.38350885339286
3,"ets",100,2.47549655054087,NA,2.26823256298973,2.27920473954919,2.33511046774578,2.76705796323561,2.28512869348429
3,"ets",100,5.76195868475684,NA,5.39683434802693,5.48445511015353,5.52496089465956,5.89519539745259,5.50976009681442
3,"ets",100,18.1365835328608,NA,21.9135652090282,19.1840174305813,19.5916744165387,17.5147586390925,19.7337970599946
3,"ets",100,11.1305600827273,NA,10.267587893084,11.1329246347551,10.9601198306196,10.5794513396635,11.0601177985175
3,"ets",100,29.076904043973,NA,23.5926423800017,23.812512103196,25.1449039679898,34.8959241333038,24.1941798121524
3,"ets",100,35.0018070768091,NA,32.8021430360452,31.9412210948612,33.1871053639926,36.0082162009439,33.107342151343
3,"ets",100,2.83777892534389,NA,2.75661094459775,2.53400973637308,2.62187734264795,2.98107590707961,2.60884510274824
3,"ets",100,21.2352321641462,NA,22.3347914210668,20.9053123310106,20.9941881921058,21.3021551933152,20.9725996362737
3,"ets",100,38.4849846154205,NA,36.658283592291,36.9579060406232,37.225381789534,39.9036817985048,37.1275380997236
3,"ets",100,15.5907432022478,NA,7.95676265318863,11.6642801494399,11.581033221261,16.1336007396107,11.4521151168885
3,"ets",100,8.05291277030287,NA,7.34373370487781,7.17122568798424,7.30254982672994,8.68325740668588,7.18702766618634
3,"ets",100,1.92273717921001,NA,1.73409264554277,1.71250975246354,1.62267409378139,2.06699431291431,1.64958650651961
3,"ets",100,19.3114384247834,NA,14.5177448692578,14.6975381510156,14.7208396028389,23.4409566478988,14.404476065605
3,"ets",100,26.4770197146005,NA,33.3912360740084,29.3437126097079,29.2630849632393,24.4932101613884,29.6084065237055
3,"ets",100,105.299079692794,NA,100.022873221073,101.109881756256,102.040318720135,110.770767251009,101.118632843496
3,"ets",100,74.5154471915719,NA,94.6043630222861,79.8969840055023,81.3095357036451,74.6647065007863,81.3604447652312
3,"ets",100,1.79280766440276,NA,4.6029881617625,2.11419441954494,2.23836971777242,1.28590304712891,2.35726348470785
3,"ets",100,2.94196498862936,NA,2.35900932574854,1.50420056394783,1.75149930121036,3.73363491186509,1.67506873438953
3,"arima",100,6.53144819593754,NA,10.0057710292576,7.5018054725841,7.7193934222153,7.25438957118815,7.5321332606335
3,"arima",100,1.63008646651852,NA,1.44636233106754,1.70393261579995,1.65260423609071,1.32607147966042,1.61014999324521
3,"arima",100,23.5042558981401,NA,17.9843963963045,21.802717417993,21.3377498244296,21.2135747780396,21.536414506631
3,"arima",100,29.6752327417403,NA,25.9803748529769,27.8403574621875,27.7971674581056,30.5367349263481,27.6896046396844
3,"arima",100,12.7776543153175,NA,10.8522508518981,12.133207912847,11.9478552978095,12.2105944201162,12.0209397990008
3,"arima",100,21.4944138641092,NA,17.7574434725311,20.0393795947061,19.8106855205909,21.2770599622948,19.8282573538641
3,"arima",100,1.5556415097789,NA,1.24961129956042,1.27862267801124,1.32069629154729,1.66407866786226,1.31553681907824
3,"arima",100,1.51909138210989,NA,0.821710614191303,1.0462447557423,1.08205637709603,1.80136868394752,1.01751128178028
3,"arima",100,3.27137402351696,NA,2.13368168043216,2.47709988887277,2.6010942964058,3.64129845553795,2.53287587572242
3,"arima",100,11.488130204492,NA,13.1093589116462,12.4531962498215,12.2843633862629,10.5134163025986,12.4889180992606
3,"arima",100,2.49499534431408,NA,2.32610256926839,2.20312156542169,2.29645261986928,2.5657640725187,2.2896029176982
3,"arima",100,5.33217339354667,NA,5.45394169391378,5.46820941510251,5.41537243154932,5.28303611013802,5.41811853065751
3,"arima",100,41.8302304953533,NA,50.8828828987029,44.3016509580261,45.3634926173704,43.2583136314068,44.9928989898287
3,"arima",100,11.5441149696784,NA,15.9603723655435,13.7063882640469,13.4774700882116,10.387115784576,13.717807595152
3,"arima",100,12.7407556731606,NA,17.3742037369708,15.4366156698064,14.9705491546743,10.7209856405832,15.4016502156474
3,"arima",100,2.85704539254559,NA,2.66929466028979,2.88443114131527,2.80769089945618,2.7839752711956,2.81383232416873
3,"arima",100,6.97937520942781,NA,6.42656560552616,6.49624637225842,6.58807350813757,7.44592408104627,6.48770565469071
3,"arima",100,16.9134199433977,NA,16.7662441112869,17.092098108637,16.9540214702332,16.417862973467,17.0590196981892
3,"arima",100,2.75189718791579,NA,2.98274590965267,2.67914168529485,2.7487053775164,3.05315904872851,2.67954353462109
3,"arima",100,8.56034165324107,NA,6.5556366548621,7.27324657076319,7.26639317871904,9.84687145107704,7.1859036606402
3,"arima",100,24.4918026879252,NA,23.321586192197,22.3496740672051,22.4985662035117,29.4656298204705,22.370076057017
3,"arima",100,5.75751853852288,NA,6.69878256417751,6.14132136691967,6.13766342556543,5.85758450593945,6.11270551757363
3,"arima",100,38.4001724996418,NA,31.8889734169885,34.5497498051515,34.6370593991976,41.4242064183325,34.320261290293
3,"arima",100,52.0813221697158,NA,49.6256176745581,50.4175530538656,50.4024194014263,54.6726383141696,50.3060637387408
3,"arima",100,17.7620064215739,NA,12.9388643967119,14.6840628611795,14.9696218529084,20.3576267347993,14.59350474162
3,"arima",100,5.53999419936619,NA,5.87535613456051,5.12702843831893,5.42973507572337,5.65472095175314,5.39565786705066
3,"arima",100,6.24175621524782,NA,8.4115471790356,6.53667741607009,6.80872447049322,7.00936689113312,6.76261293630748
3,"arima",100,17.2634013470616,NA,23.1097322194978,19.0833929607206,19.4531829229378,17.4003430947588,19.4468011861103
3,"arima",100,2.02681918511641,NA,3.98495192462261,2.96985336576322,2.6286844478373,1.33902652208416,2.88106311777093
3,"arima",100,6.31046168579651,NA,5.51416191922928,6.08150433718295,5.99649513666759,6.12475151506512,6.0060830111187
3,"arima",100,8.08620390152757,NA,6.87247478476155,7.6583257434591,7.41611871491807,7.43675308799155,7.60058964530183
3,"arima",100,6.85616594549891,NA,7.2488213042394,6.2080250741159,6.3602458882738,7.34243533364292,6.53834444814784
3,"arima",100,0.951768825539284,NA,1.51078673026908,0.908446602354132,0.857000583519795,0.524699698982023,0.805297567142872
3,"arima",100,5.37570053248095,NA,7.852936503692,6.21512928223467,6.15449417611583,4.44224107377942,5.80274211782421
3,"arima",100,13.1530042229948,NA,11.6465020092731,12.4559045305703,10.940282769013,13.2862816513793,11.6342634257149
3,"arima",100,9.06746010041388,NA,4.47728059967611,7.15943929378649,6.56125866368364,8.16967933373097,6.76858745509776
3,"arima",100,48.7767335714415,NA,38.6787634802961,44.3904489329967,43.4930063555674,48.1460182434358,43.7996761750431
3,"arima",100,31.8843733581947,NA,29.7315665875978,28.4431323780714,28.3846389757053,32.0520351786728,29.303889254639
3,"arima",100,25.3562370909591,NA,13.7885108920604,17.3101753906003,17.2183721448157,25.4466629095745,17.1520804723632
3,"arima",100,12.2375024548818,NA,8.41656783950135,9.29419220563483,9.19237163637023,12.1073497853214,9.36520536674809
3,"arima",100,13.2317709796707,NA,12.2650300581816,13.3853377014899,11.9075561142694,10.6892858559308,13.0810767302993
3,"arima",100,6.55105581633093,NA,7.76203845798626,7.34218665023833,6.63518952571718,5.89884774103668,7.23382338352208
3,"arima",100,13.6931226081847,NA,21.7048994739026,16.5388762281504,17.6002115191752,13.9020895951435,17.0869608892742
3,"arima",100,59.0152651864146,NA,73.9918210486946,63.4475836355941,67.062614698105,63.1035435930697,64.9440068855428
3,"arima",100,43.3730108377386,NA,61.3177335051598,48.9425302448967,52.0297105901864,45.6208442287216,50.7563667965041
3,"arima",100,3.1771054160034,NA,0.887104358512516,1.76937204834322,1.34505498383109,2.13121614165103,1.50553891848511
3,"arima",100,14.3404502141111,NA,4.6325868607671,9.02459574926615,7.80107554016657,12.074038212039,8.43368883807864
4,"ets",100,18.577041617319,NA,10.4822697200928,14.0206452297418,13.6857145215974,19.5180260245932,13.5208743295621
4,"ets",100,7.0189058508433,NA,4.75453920782318,4.45781209939157,4.39619722009376,9.391834531949,4.24005860910015
4,"ets",100,34.4736839257041,NA,33.3231700703801,32.9445462605038,33.1302441466755,35.8876705878669,32.9356218141202
4,"ets",100,20.2377226006897,NA,21.6142177360958,21.8450513905823,21.640071110335,18.7587154296741,21.8598278201519
4,"ets",100,11.0621466692887,NA,9.58254801064105,11.3865996571326,10.9079949599446,9.50070994140606,11.1290067937382
4,"ets",100,42.6341067797267,NA,33.9447038853447,34.6124698663365,35.3302424072785,47.8471737110417,34.470963018288
4,"ets",100,1.15742513671699,NA,1.11986415329904,1.4282537041504,1.28468683750251,0.731354116826266,1.37806044129067
4,"ets",100,2.87882683260291,NA,2.17621523303072,2.35206018985707,2.29395305618713,3.04297493736564,2.39263532308252
4,"ets",100,18.3571882194783,NA,4.44296029205023,8.25563485087365,8.12510323292086,20.9775034338214,7.70119645325482
4,"ets",100,26.1498394987907,NA,16.030868489598,19.4581764636503,19.2479674474349,28.0285803885483,18.9206710120737
4,"ets",100,6.08961776082616,NA,4.13745340424763,4.16930410085572,4.36470709084202,7.09059277050628,4.20711703322277
4,"ets",100,7.34952667472965,NA,9.64086158707037,6.90152879391724,7.60130152698875,7.86501032492755,7.47563603719097
4,"ets",100,29.0330544166492,NA,37.4575877576182,35.1881894633345,34.8873205949248,24.5811926726712,35.593879598168
4,"ets",100,35.4671017764163,NA,35.4797119974568,34.654315235849,35.1752745570898,37.1421002857432,34.9988582274385
4,"ets",100,10.6395325363718,NA,12.5343886316061,10.546919137741,10.9462056960231,12.0772678952602,10.755773604521
4,"ets",100,8.33529521002296,NA,7.76588949299542,8.29646196858712,8.15521884324852,8.00358580345735,8.20828377345542
4,"ets",100,6.49197707470821,NA,3.66286344159568,4.73692720164972,4.70801454205193,7.33785092246271,4.75476375216411
4,"ets",100,18.0600795876383,NA,20.0411717905234,17.2733483424838,17.1923254437464,21.0594203879854,17.0786217462244
4,"ets",100,25.9005979583515,NA,7.52754876327669,13.8744967767807,12.7211204605067,25.7275987340501,12.4400828315094
4,"ets",100,45.9749888693376,NA,22.1241500896209,29.1118663076416,29.2014832305556,52.9433202034605,27.8609925462039
4,"ets",100,34.47488382316,NA,27.7713503479439,28.0773259006604,28.4181320019812,40.4647930910574,27.8082461693362
4,"ets",100,9.02286891881234,NA,9.03900157912759,8.91462592814605,9.07670672963132,9.01733398965445,9.08173743087483
4,"ets",100,59.9881861333766,NA,51.4692568508825,55.1441101392085,54.6100022357815,60.7049906717342,54.4179321768402
4,"ets",100,82.3799114235185,NA,60.304097766238,65.8624951307908,65.7143188177239,91.2999405163407,64.1878783914646
4,"ets",100,11.7581854178205,NA,7.71488795536262,8.70482217626148,8.94978964835561,13.4971308463691,8.71151582295156
4,"ets",100,12.8387137221911,NA,14.0987451245703,12.0201740461898,12.5960583353191,13.8604536060388,12.405318586027
4,"ets",100,17.419445397777,NA,16.8071345661425,16.1799846670675,16.4092706212051,19.1102402774371,16.1387866597863
4,"ets",100,13.9272480359717,NA,19.1417512096039,16.9868049791526,16.6369895500525,11.4430567520642,17.1378949461419
4,"ets",100,5.20650249269827,NA,5.60829531577595,5.71021550513886,5.57160575759959,4.52773045660128,5.69463600708372
4,"ets",100,2.42604164393772,NA,2.33902687197445,2.39312715657043,2.40628406556713,2.44971329673798,2.40463404546605
4,"ets",100,4.29645825317454,NA,4.22627402941531,3.87936216113758,4.08264004040928,4.36448508368531,4.08373996732866
4,"ets",100,21.7140799272472,NA,20.6297251017345,21.8811850302946,21.5501048721226,20.8478438416668,21.7060069569833
4,"ets",100,32.4721699991927,NA,26.1956995225498,26.5502870914589,28.0009127655715,39.1651167834812,26.8954167157006
4,"ets",100,30.1049261603729,NA,27.2899904193191,27.3359841763164,28.3811332508417,30.9067202830311,28.3245820122831
4,"ets",100,16.0353358269875,NA,14.2764722485776,14.5111759596539,14.8070282653438,17.0077979387882,14.6292879676933
4,"ets",100,2.15497235278183,NA,2.34666892886794,1.98101383772134,2.04073387409289,2.19717527272703,2.03189011453583
4,"ets",100,15.9837734932384,NA,17.6444434835264,18.3455914986687,17.8561176020703,13.4229488329177,18.3317697734394
4,"ets",100,25.9324647834156,NA,23.5315274998566,23.0011044780017,23.5927144604387,26.4370439817549,23.501091584845
4,"ets",100,17.6683747587713,NA,15.2780396841829,15.4458470889365,15.7468987802814,19.4949746815597,15.4341539444701
4,"ets",100,20.0398882415743,NA,17.5462080757576,18.675051629932,18.5875816197574,21.3955482214811,18.4094442474281
4,"ets",100,6.32703580493998,NA,11.6114113462632,9.05717787912554,8.21575395076371,3.50852500781543,9.01528041914123
4,"ets",100,29.1066264472932,NA,35.8801315488892,31.9261791727798,31.779540945388,27.1990537443186,32.1183211131769
4,"ets",100,42.9599767341448,NA,39.5916880699781,40.3657638523592,40.9447555525934,46.2774662150515,40.3862935172378
4,"ets",100,85.8324971165813,NA,108.045023570226,91.8799889473,93.3156719520376,85.9213234389225,93.3781212127343
4,"ets",100,74.3923582068616,NA,97.6356369966107,82.2151939011688,82.7168459796476,69.7248529894317,83.662842631621
4,"ets",100,3.13372064551479,NA,8.16871018880124,4.65464656922052,4.48736087416253,1.33338635001174,4.86396596114649
4,"arima",100,2.43023370661016,NA,3.83308089337925,2.88015187324336,2.94631198833864,2.61684827532123,2.88046491994943
4,"arima",100,1.8531678962835,NA,1.39214106369656,1.81275761493252,1.66939419445743,1.31771317601144,1.62425305809274
4,"arima",100,37.5621412606,NA,33.1686750955142,35.4475783472129,35.400031890574,38.2693707928811,35.3019813979249
4,"arima",100,28.6070791487694,NA,25.4718968914719,27.5016804411791,27.2489491404787,27.9491247129542,27.3381868612817
4,"arima",100,13.5309709434702,NA,10.4078241879698,12.2182003824503,12.0405366989226,13.3598132048009,12.055018140687
4,"arima",100,26.6411675382314,NA,24.1247589375697,25.2465941238912,25.3033666705023,27.2108838271922,25.1749775363926
4,"arima",100,1.25965301247089,NA,1.2696518680543,1.08573673489937,1.13116778698844,1.2338989454211,1.15539396984087
4,"arima",100,2.39136321075534,NA,1.56056875221527,1.94694112456489,1.95048568816728,2.49697876499742,1.92741790281982
4,"arima",100,0.654285609154761,NA,0.250931584770021,0.289053945346105,0.353738030308832,0.865730517209695,0.322287287859883
4,"arima",100,7.23216316093645,NA,8.95237709987707,8.20120351927237,8.07425173254399,6.29415496687096,8.27689102588764
4,"arima",100,3.20096141878034,NA,2.97629630084653,2.96838367094394,3.0386429315148,3.29690441363201,3.02151894579341
4,"arima",100,5.94543557105655,NA,6.65510198084038,5.58545035039151,5.89522318518627,6.11355358576287,5.8604024835367
4,"arima",100,37.6064908603094,NA,44.0828031281121,40.2301148870519,40.4314165337334,37.0891991284926,40.5222835155187
4,"arima",100,16.6649045732628,NA,22.5042826391933,19.8669723073748,19.3930962623859,14.5389322764513,19.830179809225
4,"arima",100,8.84543312090616,NA,10.4014116714221,9.44942999972354,9.50780742372345,8.72345856713473,9.5286598174161
4,"arima",100,4.00039703571071,NA,4.36190809043049,4.15631291866604,4.13838003451756,3.8525299116539,4.17807723034167
4,"arima",100,7.21321184144291,NA,6.96166862120567,6.87378826629623,6.99448682902179,7.68652802791394,6.89686019306245
4,"arima",100,15.6849203133571,NA,16.8359750177541,16.2687159814101,16.1793038573311,15.5886250410116,16.1768860321925
4,"arima",100,0.55910454222273,NA,0.38204943373373,0.401464370454889,0.397463807290487,0.79676923185736,0.396034418096185
4,"arima",100,5.56861030326686,NA,5.58101110241677,4.93848102477688,4.97859330296708,7.23910941209903,4.99915858530977
4,"arima",100,14.9226554118001,NA,17.3672421087399,15.8298102359637,15.9392293177912,15.0905825531159,15.9451473122076
4,"arima",100,2.94754924917458,NA,4.20640901126104,3.63275178622101,3.40667647814714,2.40738152473925,3.56368001825168
4,"arima",100,42.8784178480176,NA,41.3664679370169,41.6657573260087,41.9247870800468,44.8708742631262,41.6657602872317
4,"arima",100,53.1834929208892,NA,46.8389177389958,49.5688971567218,49.3823495751375,56.6757188367507,49.2134822492686
4,"arima",100,12.5620738720279,NA,9.47042906221154,11.0412688248892,11.0220900284637,12.8332348895884,10.973681601262
4,"arima",100,5.5170677427116,NA,6.10857352415809,5.19840490159146,5.37007546398484,5.8847427355011,5.44656609350724
4,"arima",100,5.88216988475115,NA,9.5402712773898,6.93061371976838,7.1914769108072,5.8299979144064,7.19487620044895
4,"arima",100,11.9411391836731,NA,18.1695237721586,14.5251424075066,14.6439060598837,10.3422406055972,14.8788455217267
4,"arima",100,1.75191315599068,NA,2.06906083999093,1.90884812572195,1.91859920204811,1.75286842792039,1.9093293512191
4,"arima",100,6.44851640965706,NA,5.51975000179919,6.22017805777257,6.09317112153949,5.96236079235845,6.12993503826797
4,"arima",100,8.26462177075921,NA,5.2668261006387,6.99101205599716,6.73809896818665,7.49809881133492,6.91601970406079
4,"arima",100,4.55470842840076,NA,6.08618588670979,4.19575343270861,4.56300208504622,4.71885723011343,4.60839344731389
4,"arima",100,2.23560679158099,NA,4.78359114620848,2.58788416936116,2.58319249390185,1.46431344457905,2.42956068452665
4,"arima",100,8.37111532729945,NA,6.72376207634552,7.16952017596223,6.16560923140545,8.26485358810175,6.51427660300297
4,"arima",100,8.57625283658714,NA,6.60239456255659,8.15096299992313,7.52043559804521,7.54130391830137,7.52191761915863
4,"arima",100,15.6707195644972,NA,9.97856246046095,13.0654383429917,12.6373297303302,15.3626278331111,12.7356401140455
4,"arima",100,50.6920338929696,NA,39.8909956851089,45.5269982931045,43.4050726156957,48.039779419718,44.686627999249
4,"arima",100,32.6795945814979,NA,26.166765406852,24.5876128424665,26.1133712557341,33.6907704925349,25.9239452469267
4,"arima",100,29.1679659383643,NA,21.978815489379,24.2903412980906,24.110529050726,29.2310672668546,24.2520727108159
4,"arima",100,10.7335139317999,NA,9.13656499001167,9.5315748128118,8.72417202697184,9.70726729268237,9.58895518452437
4,"arima",100,21.9048300001948,NA,28.3220644332233,25.3691880564596,24.2450560297317,19.1754453031336,25.5921495411567
4,"arima",100,16.7524189937236,NA,24.0936362026312,19.9059520609886,20.5238622830449,16.347575869396,20.1098219625636
4,"arima",100,15.4726813239316,NA,23.628103665992,18.2716676771389,19.7454102844034,16.3346889119307,18.8182210839716
4,"arima",100,49.577592882566,NA,70.2165432314313,56.6529633031281,59.6612082019504,51.255922379862,58.4732897383554
4,"arima",100,38.3425450453153,NA,52.5138975066561,42.5238136106123,45.0105793797339,40.2103533766216,44.0032550697665
4,"arima",100,3.86455559634394,NA,0.618375154559506,1.72498650436127,1.14890328093376,2.22550379141508,1.26528033307636
